id_presXmed,id_comp,cantidad,id_UM,id_comxU
1,1,100,3,1
2,1,100,3,1
1,2,1,2,1
2,2,1,2,1
3,1,0.04,1,2
4,1,0.04,1,2
3,2,1,1,2
4,2,1,1,2
5,1,2.24,1,3
6,1,2.24,1,3
5,2,10.22,1,3
6,2,10.22,1,3
7,3,N/E,9,4
8,3,N/E,9,4
7,4,N/E,9,4
8,4,N/E,9,4
7,5,N/E,9,4
8,5,N/E,9,4
7,6,N/E,9,4
8,6,N/E,9,4
7,7,N/E,9,4
8,7,N/E,9,4
7,8,N/E,9,4
8,8,N/E,9,4
7,9,N/E,9,4
8,9,N/E,9,4
7,10,N/E,9,4
8,10,N/E,9,4
7,11,N/E,9,4
8,11,N/E,9,4
9,12,25,3,1
10,12,25,3,1
9,13,4,3,1
10,13,4,3,1
9,14,1,2,1
10,14,1,2,1
11,15,100,1,5
12,15,100,1,5
13,15,100,1,5
14,15,100,1,5
15,15,100,1,5
16,15,100,1,5
17,15,100,1,5
18,15,100,1,5
19,15,109.8,1,5
20,15,109.8,1,5
19,16,27.45,1,5
20,16,27.45,1,5
21,15,109.8,1,5
22,15,109.8,1,5
21,16,27.45,1,5
22,16,27.45,1,5
23,15,109.8,1,5
24,15,109.8,1,5
23,16,27.45,1,5
24,16,27.45,1,5
25,15,109.8,1,5
26,15,109.8,1,5
25,16,27.45,1,5
26,16,27.45,1,5
27,15,109.8,1,5
28,15,109.8,1,5
27,17,27.45,1,5
28,17,27.45,1,5
29,15,109.8,1,5
30,15,109.8,1,5
29,17,27.45,1,5
30,17,27.45,1,5
31,15,109.8,1,5
32,15,109.8,1,5
31,17,27.45,1,5
32,17,27.45,1,5
33,15,109.8,1,5
34,15,109.8,1,5
33,17,27.45,1,5
34,17,27.45,1,5
35,1,15,3,1
36,1,15,3,1
35,18,15,3,1
36,18,15,3,1
35,14,1,2,1
36,14,1,2,1
37,19,1,3,6
38,19,1,3,6
39,20,5,3,2
40,20,5,3,2
41,21,0.9,3,2
42,21,0.9,3,2
41,22,3.5,3,2
42,22,3.5,3,2
41,14,1,2,2
42,14,1,2,2
43,19,2,3,1
44,19,2,3,1
45,23,2.5,3,2
46,23,2.5,3,2
45,2,20,1,4
46,2,20,1,4
47,24,65,3,1
48,24,65,3,1
47,25,3.5,3,1
48,25,3.5,3,1
47,26,3,3,1
48,26,3,3,1
49,27,3,3,6
50,27,3,3,6
51,28,250,3,1
52,28,250,3,1
53,29,5,1,7
54,29,5,1,7
53,30,15,3,7
54,30,15,3,7
53,31,20,3,7
54,31,20,3,7
53,32,20,3,7
54,32,20,3,7
53,33,250,3,7
54,33,250,3,7
53,34,27.5,3,7
54,34,27.5,3,7
53,35,34,3,7
54,35,34,3,7
53,36,34,3,7
54,36,34,3,7
53,37,26.1,3,7
54,37,26.1,3,7
53,38,68,3,7
54,38,68,3,7
53,39,68,3,7
54,39,68,3,7
53,40,70.3,3,7
54,40,70.3,3,7
53,41,102,3,7
54,41,102,3,7
53,42,170,3,7
54,42,170,3,7
53,43,102,3,7
54,43,102,3,7
53,44,136,3,7
54,44,136,3,7
53,45,136,3,7
54,45,136,3,7
53,46,8.9,3,7
54,46,8.9,3,7
53,47,2.9,3,7
54,47,2.9,3,7
53,48,8.2,3,7
54,48,8.2,3,7
53,49,5,3,7
54,49,5,3,7
53,50,150,3,7
54,50,150,3,7
55,29,25,1,9
56,29,25,1,9
55,46,50,3,9
56,46,50,3,9
55,47,5,3,9
56,47,5,3,9
55,48,150,3,9
56,48,150,3,9
55,49,0.04,3,9
56,49,0.04,3,9
55,50,150,3,9
56,50,150,3,9
55,30,5,3,9
56,30,5,3,9
55,31,5,3,9
56,31,5,3,9
55,32,5,3,9
56,32,5,3,9
55,33,50,3,9
56,33,50,3,9
55,34,5,3,9
56,34,5,3,9
55,35,5,3,9
56,35,5,3,9
55,36,5,3,9
56,36,5,3,9
55,37,5,3,9
56,37,5,3,9
55,38,5,3,9
56,38,5,3,9
55,39,5,3,9
56,39,5,3,9
55,40,5,3,9
56,40,5,3,9
55,41,5,3,9
56,41,5,3,9
55,42,5,3,9
56,42,5,3,9
55,43,5,3,9
56,43,5,3,9
55,44,5,3,9
56,44,5,3,9
55,45,5,3,9
56,45,5,3,9
55,54,500,1,9
56,54,500,1,9
57,53,250,3,5
58,53,250,3,5
59,53,250,3,5
60,53,250,3,5
61,53,250,3,5
62,53,250,3,5
63,53,250,3,5
64,53,250,3,5
65,53,150,3,1
66,53,150,3,1
67,53,150,3,1
68,53,150,3,1
69,53,150,3,1
70,53,150,3,1
71,53,500,3,8
72,53,500,3,8
73,53,250,3,6
74,53,250,3,6
75,51,200,3,1
76,51,200,3,1
75,52,250,3,1
76,52,250,3,1
75,53,0.2,3,1
76,53,0.2,3,1
77,51,100,3,1
78,51,100,3,1
79,55,200,3,1
80,55,200,3,1
81,56,50,3,1
82,56,50,3,1
83,57,500,3,1
84,57,500,3,1
85,58,100,3,1
86,58,100,3,1
85,59,50,3,1
86,59,50,3,1
87,60,300000,9,1
88,60,300000,9,1
87,52,250,3,1
88,52,250,3,1
87,61,250,3,1
88,61,250,3,1
89,14,N/E,2,4
90,14,N/E,2,4
91,62,5,3,1
92,62,5,3,1
91,63,50,3,1
92,63,50,3,1
93,64,5,3,1
94,64,5,3,1
95,53,250,3,6
96,53,250,3,6
97,1,100,3,1
98,1,100,3,1
99,65,50,3,1
100,65,50,3,1
101,66,0.1,3,1
102,66,0.1,3,1
103,48,50,3,1
104,48,50,3,1
103,49,0.04,3,1
104,49,0.04,3,1
103,14,1,2,4
104,14,1,2,4
105,67,5,3,1
106,67,5,3,1
105,14,1,2,4
106,14,1,2,4
107,3,25,9,9
108,3,25,9,9
107,4,25,9,9
108,4,25,9,9
107,5,25,9,9
108,5,25,9,9
107,6,25,9,9
108,6,25,9,9
107,7,25,9,9
108,7,25,9,9
107,8,25,9,9
108,8,25,9,9
107,9,25,9,9
108,9,25,9,9
107,10,25,9,9
108,10,25,9,9
109,3,25,9,9
110,3,25,9,9
109,4,25,9,9
110,4,25,9,9
109,5,25,9,9
110,5,25,9,9
109,6,25,9,9
110,6,25,9,9
109,7,25,9,9
110,7,25,9,9
109,8,25,9,9
110,8,25,9,9
109,9,25,9,9
110,9,25,9,9
109,10,25,9,9
110,10,25,9,9
111,3,250,9,9
112,3,250,9,9
111,4,250,9,9
112,4,250,9,9
111,5,250,9,9
112,5,250,9,9
111,6,250,9,9
112,6,250,9,9
111,7,250,9,9
112,7,250,9,9
111,8,250,9,9
112,8,250,9,9
111,9,250,9,9
112,9,250,9,9
111,10,250,9,9
112,10,250,9,9
113,68,25,9,9
114,68,25,9,9
115,2,1,2,4
116,2,1,2,4
117,26,1,3,6
118,26,1,3,6
119,69,30,3,1
120,69,30,3,1
121,70,50,3,1
122,70,50,3,1
121,14,1,2,4
122,14,1,2,4
123,71,10,3,1
124,71,10,3,1
123,2,1,2,4
124,2,1,2,4
125,2,1,2,4
126,2,1,2,4
127,72,50,3,1
128,72,50,3,1
127,73,50,3,1
128,73,50,3,1
129,74,50,3,1
130,74,50,3,1
131,2,1,2,4
132,2,1,2,4
133,75,50,3,1
134,75,50,3,1
135,76,50,3,6
136,76,50,3,6
137,77,500,3,4
138,77,500,3,4
139,24,50,3,1
140,24,50,3,1
139,25,50,3,1
140,25,50,3,1
141,78,50,3,6
142,78,50,3,6
143,78,50,3,1
144,78,50,3,1
145,78,50,3,6
146,78,50,3,6
147,49,50,3,1
148,49,50,3,1
147,79,50,3,1
148,79,50,3,1
149,80,50,3,1
150,80,50,3,1
151,17,50,3,1
152,17,50,3,1
153,17,50,3,1
154,17,50,3,1
155,2,1,2,4
156,2,1,2,4
157,5,1,9,8
158,5,1,9,8
157,6,1,9,8
158,6,1,9,8
157,7,1,9,8
158,7,1,9,8
157,8,1,9,8
158,8,1,9,8
157,9,1,9,8
158,9,1,9,8
157,10,1,9,8
158,10,1,9,8
159,81,50,3,1
160,81,50,3,1
161,2,1,2,4
162,2,1,2,4
163,2,1,2,4
164,2,1,2,4
165,2,1,2,4
166,2,1,2,4
167,2,1,2,4
168,2,1,2,4
169,24,50,3,1
170,24,50,3,1
171,24,50,3,1
172,24,50,3,1
171,25,50,3,1
172,25,50,3,1
173,82,50,3,1
174,82,50,3,1
175,76,50,3,6
176,76,50,3,6
177,30,50,3,1
178,30,50,3,1
177,49,50,3,1
178,49,50,3,1
179,29,50,3,1
180,29,50,3,1
179,48,50,3,1
180,48,50,3,1
181,54,50,3,1
182,54,50,3,1
183,54,50,3,1
184,54,50,3,1
183,50,50,3,1
184,50,50,3,1
185,54,50,3,1
186,54,50,3,1
187,83,50,3,1
188,83,50,3,1
189,29,50,3,1
190,29,50,3,1
189,49,50,3,1
190,49,50,3,1
191,83,50,3,1
192,83,50,3,1
193,83,50,3,1
194,83,50,3,1
195,83,50,3,1
196,83,50,3,1
197,3,1,9,8
198,3,1,9,8
197,4,1,9,8
198,4,1,9,8
199,3,1,9,8
200,3,1,9,8
199,4,1,9,8
200,4,1,9,8
201,68,1,9,8
202,68,1,9,8
203,84,50,3,6
204,84,50,3,6
205,85,50,3,6
206,85,50,3,6
207,86,50,3,6
208,86,50,3,6
209,87,50,3,6
210,87,50,3,6
211,88,50,3,6
212,88,50,3,6
213,89,50,3,6
214,89,50,3,6
215,30,50,3,6
216,30,50,3,6
215,49,50,3,6
216,49,50,3,6
217,90,50,3,6
218,90,50,3,6
219,91,50,3,6
220,91,50,3,6
221,92,50,3,6
222,92,50,3,6
223,94,50,3,6
224,94,50,3,6
225,29,50,3,1
226,29,50,3,1
225,49,50,3,1
226,49,50,3,1
227,26,50,3,1
228,26,50,3,1
229,26,50,3,6
230,26,50,3,6
231,26,50,3,6
232,26,50,3,6
233,30,50,3,1
234,30,50,3,1
233,49,50,3,1
234,49,50,3,1
235,23,50,3,6
236,23,50,3,6
237,23,50,3,6
238,23,50,3,6
239,23,50,3,6
240,23,50,3,6
241,58,50,3,1
242,58,50,3,1
243,23,50,3,6
244,23,50,3,6
245,23,50,3,6
246,23,50,3,6
247,23,50,3,6
248,23,50,3,6
249,23,50,3,1
250,23,50,3,1
251,26,50,3,1
252,26,50,3,1
253,23,50,3,1
254,23,50,3,1
255,23,50,3,6
256,23,50,3,6
257,23,50,3,6
258,23,50,3,6
259,23,50,3,6
260,23,50,3,6
261,23,50,3,6
262,23,50,3,6
263,23,50,3,6
264,23,50,3,6
265,28,50,3,6
266,28,50,3,6
267,28,50,3,6
268,28,50,3,6
269,28,50,3,6
270,28,50,3,6
271,28,50,3,6
272,28,50,3,6
273,67,50,3,1
274,67,50,3,1
275,67,50,3,1
276,67,50,3,1
277,67,50,3,1
278,67,50,3,1
279,1,50,3,6
280,1,50,3,6
281,55,50,3,6
282,55,50,3,6
283,55,50,3,6
284,55,50,3,6
285,55,50,3,1
286,55,50,3,1
287,64,50,3,1
288,64,50,3,1
289,49,50,3,6
290,49,50,3,6
289,29,50,3,6
290,29,50,3,6
291,49,50,3,6
292,49,50,3,6
293,49,50,3,6
294,49,50,3,6
295,29,50,3,6
296,29,50,3,6
297,2,1,3,4
298,2,1,3,4
299,66,50,3,1
300,66,50,3,1
301,65,50,3,6
302,65,50,3,6
303,74,50,3,6
304,74,50,3,6
303,76,50,3,6
304,76,50,3,6
305,76,50,3,1
306,76,50,3,1
307,26,50,3,1
308,26,50,3,1
309,67,50,3,1
310,67,50,3,1
311,66,50,3,1
312,66,50,3,1
313,60,300000,9,1
314,60,300000,9,1
313,52,250,3,1
314,52,250,3,1
313,61,250,3,1
314,61,250,3,1
315,19,N/E,2,4
316,19,N/E,2,4
317,62,5,3,1
318,62,5,3,1
317,63,50,3,1
318,63,50,3,1
319,64,5,3,1
320,64,5,3,1
321,53,250,3,6
322,53,250,3,6
323,1,100,3,6
324,1,100,3,6
325,65,50,3,6
326,65,50,3,6
327,66,0.1,3,1
328,66,0.1,3,1
329,48,50,3,6
330,48,50,3,6
329,49,0.04,3,6
330,49,0.04,3,6
329,14,1,2,4
330,14,1,2,4
331,67,5,3,1
332,67,5,3,1
331,14,1,2,4
332,14,1,2,4
333,49,50,3,6
334,49,50,3,6
335,74,50,3,6
336,74,50,3,6
337,76,50,3,1
338,76,50,3,1
339,26,50,3,1
340,26,50,3,1
341,65,50,3,6
342,65,50,3,6
343,57,50,3,6
344,57,50,3,6
345,57,50,3,6
346,57,50,3,6
347,26,50,3,1
348,26,50,3,1
349,64,50,3,6
350,64,50,3,6
351,64,50,3,1
352,64,50,3,1
353,26,1,3,6
354,26,1,3,6
353,2,1,4,6
354,2,1,4,6
355,26,1,3,1
356,26,1,3,1
355,2,1,2,1
356,2,1,2,1
357,26,1,3,6
358,26,1,3,6
357,2,1,4,6
358,2,1,4,6
359,26,1,3,1
360,26,1,3,1
359,2,1,2,1
360,2,1,2,1
361,57,102,3,6
362,57,102,3,6
361,2,1,4,6
362,2,1,4,6
363,57,102,3,1
364,57,102,3,1
363,2,1,2,1
364,2,1,2,1
365,26,1,3,1
366,26,1,3,1
365,2,1,2,1
366,2,1,2,1
367,66,1,3,1
368,66,1,3,1
367,2,1,2,1
368,2,1,2,1
369,94,5,3,6
370,94,5,3,6
369,2,1,4,6
370,2,1,4,6
371,58,50,3,1
372,58,50,3,1
371,2,1,2,1
372,2,1,2,1
373,58,50,3,6
374,58,50,3,6
373,2,1,4,6
374,2,1,4,6
375,58,50,3,6
376,58,50,3,6
375,2,1,4,6
376,2,1,4,6
377,58,50,3,6
378,58,50,3,6
377,2,1,4,6
378,2,1,4,6
379,1,50,3,6
380,1,50,3,6
379,2,1,4,6
380,2,1,4,6
381,1,50,3,1
382,1,50,3,1
381,2,1,2,1
382,2,1,2,1
383,66,1,3,1
384,66,1,3,1
383,2,1,2,1
384,2,1,2,1
385,64,50,3,6
386,64,50,3,6
385,2,1,4,6
386,2,1,4,6
387,64,50,3,1
388,64,50,3,1
387,2,1,2,1
388,2,1,2,1
389,64,50,3,6
390,64,50,3,6
389,2,1,4,6
390,2,1,4,6
391,69,50,3,1
392,69,50,3,1
391,2,1,1,1
392,2,1,1,1
393,2,1,2,1
394,2,1,2,1
395,19,50,3,1
396,19,50,3,1
395,2,1,2,1
396,2,1,2,1
397,29,50,3,2
398,29,50,3,2
397,30,50,3,2
398,30,50,3,2
397,31,50,3,2
398,31,50,3,2
397,32,50,3,2
398,32,50,3,2
397,2,1,1,2
398,2,1,1,2
399,29,50,3,2
400,29,50,3,2
399,30,50,3,2
400,30,50,3,2
399,31,50,3,2
400,31,50,3,2
399,32,50,3,2
400,32,50,3,2
399,2,1,1,2
400,2,1,1,2
401,78,50,3,1
402,78,50,3,1
401,2,1,2,1
402,2,1,2,1
403,78,50,3,1
404,78,50,3,1
403,2,1,2,1
404,2,1,2,1
405,65,50,3,1
406,65,50,3,1
405,2,1,2,1
406,2,1,2,1
407,64,50,3,1
408,64,50,3,1
407,2,1,2,1
408,2,1,2,1
409,64,50,3,6
410,64,50,3,6
409,2,1,4,6
410,2,1,4,6
411,73,50,3,1
412,73,50,3,1
411,2,1,1,1
412,2,1,1,1
413,64,50,3,6
414,64,50,3,6
413,2,1,4,6
414,2,1,4,6
415,76,50,3,1
416,76,50,3,1
415,2,1,2,1
416,2,1,2,1
417,76,50,3,1
418,76,50,3,1
417,2,1,2,1
418,2,1,2,1
419,76,50,3,1
420,76,50,3,1
419,2,1,2,1
420,2,1,2,1
421,76,50,3,6
422,76,50,3,6
421,2,1,4,6
422,2,1,4,6
423,76,50,3,6
424,76,50,3,6
423,2,1,4,6
424,2,1,4,6
425,76,50,3,1
426,76,50,3,1
425,2,1,2,1
426,2,1,2,1
427,76,50,3,1
428,76,50,3,1
427,57,50,3,1
428,57,50,3,1
427,2,1,2,1
428,2,1,2,1
429,76,50,3,6
430,76,50,3,6
429,2,1,4,6
430,2,1,4,6
431,76,50,3,6
432,76,50,3,6
431,57,50,3,6
432,57,50,3,6
431,2,1,4,6
432,2,1,4,6
433,76,50,3,6
434,76,50,3,6
433,2,1,4,6
434,2,1,4,6
435,76,50,3,6
436,76,50,3,6
435,2,1,4,6
436,2,1,4,6
437,76,250,3,1
438,76,250,3,1
437,2,1,2,1
438,2,1,2,1
439,76,50,3,1
440,76,50,3,1
439,2,1,2,1
440,2,1,2,1
441,76,50,3,6
442,76,50,3,6
441,2,1,4,6
442,2,1,4,6
443,76,50,3,1
444,76,50,3,1
443,2,1,2,1
444,2,1,2,1
445,76,500,3,7
446,76,500,3,7
445,2,1,2,7
446,2,1,2,7
447,29,50,3,1
448,29,50,3,1
447,30,50,3,1
448,30,50,3,1
447,31,50,3,1
448,31,50,3,1
447,2,1,2,1
448,2,1,2,1
449,2,1,2,1
450,2,1,2,1
451,85,50,3,6
452,85,50,3,6
451,2,1,4,6
452,2,1,4,6
453,67,50,3,1
454,67,50,3,1
453,2,1,2,1
454,2,1,2,1
455,82,50,3,6
456,82,50,3,6
455,2,1,4,6
456,2,1,4,6
457,26,50,3,1
458,26,50,3,1
457,2,1,2,1
458,2,1,2,1
459,60,50,3,1
460,60,50,3,1
459,61,50,3,1
460,61,50,3,1
459,2,1,2,1
460,2,1,2,1
461,86,50,3,6
462,86,50,3,6
461,2,1,4,6
462,2,1,4,6
463,14,1,2,1
464,14,1,2,1
463,2,1,2,1
464,2,1,2,1
465,68,50,9,1
466,68,50,9,1
465,2,1,2,1
466,2,1,2,1
467,24,50,3,1
468,24,50,3,1
467,25,50,3,1
468,25,50,3,1
467,2,1,2,1
468,2,1,2,1
469,24,50,3,1
470,24,50,3,1
469,25,50,3,1
470,25,50,3,1
469,2,1,2,1
470,2,1,2,1
471,58,50,3,6
472,58,50,3,6
471,2,1,4,6
472,2,1,4,6
473,26,50,3,6
474,26,50,3,6
473,2,1,4,6
474,2,1,4,6
475,26,50,3,6
476,26,50,3,6
475,2,1,4,6
476,2,1,4,6
477,90,50,3,1
478,90,50,3,1
477,2,1,2,1
478,2,1,2,1
479,28,50,3,1
480,28,50,3,1
479,2,1,2,1
480,2,1,2,1
481,57,50,3,6
482,57,50,3,6
481,2,1,4,6
482,2,1,4,6
483,52,50,3,1
484,52,50,3,1
483,2,1,2,1
484,2,1,2,1
485,58,50,3,6
486,58,50,3,6
485,2,1,4,6
486,2,1,4,6
487,58,50,3,6
488,58,50,3,6
487,2,1,4,6
488,2,1,4,6
489,15,50,3,1
490,15,50,3,1
489,2,1,2,1
490,2,1,2,1
491,15,50,3,1
492,15,50,3,1
491,17,50,3,1
492,17,50,3,1
491,2,1,2,1
492,2,1,2,1
493,15,50,3,1
494,15,50,3,1
493,2,1,2,1
494,2,1,2,1
495,15,50,3,1
496,15,50,3,1
495,17,50,3,1
496,17,50,3,1
495,2,1,2,1
496,2,1,2,1
497,15,50,3,1
498,15,50,3,1
497,17,50,3,1
498,17,50,3,1
497,2,1,2,1
498,2,1,2,1
499,15,50,3,1
500,15,50,3,1
499,17,50,3,1
500,17,50,3,1
499,2,1,2,1
500,2,1,2,1
501,35,50,3,6
502,35,50,3,6
501,2,1,4,6
502,2,1,4,6
503,76,50,3,1
504,76,50,3,1
503,2,1,2,1
504,2,1,2,1
505,76,500,3,7
506,76,500,3,7
505,2,1,2,7
506,2,1,2,7
507,60,50,3,1
508,60,50,3,1
507,2,1,2,1
508,2,1,2,1
509,75,50,3,1
510,75,50,3,1
509,2,1,2,1
510,2,1,2,1
511,57,50,3,6
512,57,50,3,6
511,2,1,4,6
512,2,1,4,6
513,26,50,3,1
514,26,50,3,1
513,2,1,2,1
514,2,1,2,1
515,27,50,3,1
516,27,50,3,1
515,2,1,2,1
516,2,1,2,1
517,54,50,3,6
518,54,50,3,6
517,2,1,4,6
518,2,1,4,6
519,54,50,3,6
520,54,50,3,6
519,2,1,4,6
520,2,1,4,6
521,75,50,3,1
522,75,50,3,1
521,2,1,2,1
522,2,1,2,1
523,60,300000,9,1
524,60,300000,9,1
523,2,1,2,1
524,2,1,2,1
525,57,50,3,6
526,57,50,3,6
525,2,1,4,6
526,2,1,4,6
527,2,1,2,1
528,2,1,2,1
529,2,1,2,1
530,2,1,2,1
531,49,50,3,6
532,49,50,3,6
531,2,1,4,6
532,2,1,4,6
533,49,50,3,6
534,49,50,3,6
533,2,1,4,6
534,2,1,4,6
535,15,50,3,1
536,15,50,3,1
535,17,50,3,1
536,17,50,3,1
535,2,1,2,1
536,2,1,2,1
537,15,50,3,1
538,15,50,3,1
537,17,50,3,1
538,17,50,3,1
537,2,1,2,1
538,2,1,2,1
539,86,50,3,6
540,86,50,3,6
539,2,1,4,6
540,2,1,4,6
541,86,50,3,6
542,86,50,3,6
541,2,1,4,6
542,2,1,4,6
543,86,50,3,6
544,86,50,3,6
543,2,1,4,6
544,2,1,4,6
545,86,50,3,6
546,86,50,3,6
545,2,1,4,6
546,2,1,4,6
547,86,50,3,6
548,86,50,3,6
547,2,1,4,6
548,2,1,4,6
549,86,50,3,6
550,86,50,3,6
549,2,1,4,6
550,2,1,4,6
551,86,50,3,6
552,86,50,3,6
551,2,1,4,6
552,2,1,4,6
553,86,50,3,6
554,86,50,3,6
553,2,1,4,6
554,2,1,4,6
555,87,50,3,6
556,87,50,3,6
555,2,1,4,6
556,2,1,4,6
557,87,50,3,6
558,87,50,3,6
557,2,1,4,6
558,2,1,4,6
559,86,50,3,6
560,86,50,3,6
559,2,1,4,6
560,2,1,4,6
561,88,50,3,6
562,88,50,3,6
561,2,1,4,6
562,2,1,4,6
563,67,50,3,1
564,67,50,3,1
563,2,1,2,1
564,2,1,2,1
565,14,1,2,1
566,14,1,2,1
565,2,1,2,1
566,2,1,2,1
567,14,1,2,1
568,14,1,2,1
567,2,1,2,1
568,2,1,2,1
569,86,50,3,6
570,86,50,3,6
569,2,1,4,6
570,2,1,4,6
571,28,50,3,1
572,28,50,3,1
571,2,1,2,1
572,2,1,2,1
573,28,50,3,6
574,28,50,3,6
573,2,1,4,6
574,2,1,4,6
575,28,50,3,1
576,28,50,3,1
575,2,1,2,1
576,2,1,2,1
577,28,50,3,1
578,28,50,3,1
577,2,1,2,1
578,2,1,2,1
579,28,50,3,1
580,28,50,3,1
579,2,1,2,1
580,2,1,2,1
581,28,50,3,1
582,28,50,3,1
581,2,1,2,1
582,2,1,2,1
583,45,50,3,6
584,45,50,3,6
583,2,1,4,6
584,2,1,4,6
585,19,50,3,1
586,19,50,3,1
585,2,1,2,1
586,2,1,2,1
587,19,50,3,1
588,19,50,3,1
587,2,1,2,1
588,2,1,2,1
589,42,50,3,1
590,42,50,3,1
589,2,1,2,1
590,2,1,2,1
591,67,50,3,1
592,67,50,3,1
591,2,1,2,1
592,2,1,2,1
593,67,50,3,1
594,67,50,3,1
593,2,1,2,1
594,2,1,2,1
595,28,50,3,6
596,28,50,3,6
595,2,1,4,6
596,2,1,4,6
597,26,50,3,6
598,26,50,3,6
597,2,1,4,6
598,2,1,4,6
599,26,50,3,6
600,26,50,3,6
599,2,1,4,6
600,2,1,4,6
601,67,50,3,1
602,67,50,3,1
601,2,1,2,1
602,2,1,2,1
603,64,50,3,6
604,64,50,3,6
603,2,1,4,6
604,2,1,4,6
605,49,50,3,1
606,49,50,3,1
605,2,1,2,1
606,2,1,2,1
607,49,50,3,1
608,49,50,3,1
607,2,1,2,1
608,2,1,2,1
609,83,50,3,1
610,83,50,3,1
609,2,1,2,1
610,2,1,2,1
611,83,50,3,1
612,83,50,3,1
611,2,1,2,1
612,2,1,2,1
613,90,50,3,1
614,90,50,3,1
613,2,1,2,1
614,2,1,2,1
615,90,50,3,1
616,90,50,3,1
615,2,1,2,1
616,2,1,2,1
617,90,50,3,1
618,90,50,3,1
617,2,1,2,1
618,2,1,2,1
619,67,50,3,1
620,67,50,3,1
619,2,1,2,1
620,2,1,2,1
621,29,50,3,1
622,29,50,3,1
621,2,1,2,1
622,2,1,2,1
623,19,50,3,1
624,19,50,3,1
623,2,1,2,1
624,2,1,2,1
625,65,50,3,6
626,65,50,3,6
625,2,1,4,6
626,2,1,4,6
627,29,50,3,1
628,29,50,3,1
627,2,1,2,1
628,2,1,2,1
629,64,50,3,6
630,64,50,3,6
629,2,1,4,6
630,2,1,4,6
631,51,50,3,1
632,51,50,3,1
631,2,1,2,1
632,2,1,2,1
633,51,50,3,1
634,51,50,3,1
633,2,1,2,1
634,2,1,2,1
635,64,50,3,1
636,64,50,3,1
635,2,1,2,1
636,2,1,2,1
637,64,50,3,6
638,64,50,3,6
637,2,1,4,6
638,2,1,4,6
639,64,50,3,6
640,64,50,3,6
639,2,1,4,6
640,2,1,4,6
641,64,50,3,6
642,64,50,3,6
641,2,1,4,6
642,2,1,4,6
643,64,50,3,1
644,64,50,3,1
643,2,1,2,1
644,2,1,2,1
645,59,50,3,1
646,59,50,3,1
645,2,1,2,1
646,2,1,2,1
647,68,50,9,1
648,68,50,9,1
647,2,1,2,1
648,2,1,2,1
649,3,50,9,1
650,3,50,9,1
649,2,1,2,1
650,2,1,2,1
651,68,50,9,1
652,68,50,9,1
651,2,1,2,1
652,2,1,2,1
653,74,50,3,6
654,74,50,3,6
653,2,1,4,6
654,2,1,4,6
655,64,50,3,6
656,64,50,3,6
655,2,1,4,6
656,2,1,4,6
657,67,50,3,1
658,67,50,3,1
657,2,1,2,1
658,2,1,2,1
659,67,50,3,1
660,67,50,3,1
659,2,1,2,1
660,2,1,2,1
661,67,50,3,1
662,67,50,3,1
661,2,1,2,1
662,2,1,2,1
663,19,50,3,1
664,19,50,3,1
663,2,1,2,1
664,2,1,2,1
665,19,50,3,6
666,19,50,3,6
665,2,1,4,6
666,2,1,4,6
667,19,50,3,1
668,19,50,3,1
667,2,1,2,1
668,2,1,2,1
669,67,50,3,1
670,67,50,3,1
669,2,1,2,1
670,2,1,2,1
671,64,50,3,6
672,64,50,3,6
671,2,1,4,6
672,2,1,4,6
673,84,50,3,6
674,84,50,3,6
673,2,1,4,6
674,2,1,4,6
675,83,50,3,6
676,83,50,3,6
675,2,1,4,6
676,2,1,4,6
677,83,50,3,6
678,83,50,3,6
677,2,1,4,6
678,2,1,4,6
679,64,50,3,6
680,64,50,3,6
679,2,1,4,6
680,2,1,4,6
681,26,50,3,6
682,26,50,3,6
681,2,1,4,6
682,2,1,4,6
683,89,50,3,1
684,89,50,3,1
683,2,1,2,1
684,2,1,2,1
685,26,50,3,6
686,26,50,3,6
685,2,1,4,6
686,2,1,4,6
687,26,50,3,6
688,26,50,3,6
687,2,1,4,6
688,2,1,4,6
689,26,50,3,6
690,26,50,3,6
689,2,1,4,6
690,2,1,4,6
691,26,50,3,1
692,26,50,3,1
691,2,1,2,1
692,2,1,2,1
693,64,0.4,2,1
694,64,0.4,2,1
693,2,1,2,1
694,2,1,2,1
695,43,50,3,1
696,43,50,3,1
695,2,1,2,1
696,2,1,2,1
697,43,50,3,1
698,43,50,3,1
697,2,1,2,1
698,2,1,2,1
699,43,50,3,6
700,43,50,3,6
699,2,1,4,6
700,2,1,4,6
701,43,50,3,6
702,43,50,3,6
701,2,1,4,6
702,2,1,4,6
703,67,50,3,1
704,67,50,3,1
703,2,1,2,1
704,2,1,2,1
705,51,50,3,6
706,51,50,3,6
705,61,50,3,6
706,61,50,3,6
705,2,1,4,6
706,2,1,4,6
707,73,50,3,1
708,73,50,3,1
707,2,1,2,1
708,2,1,2,1
709,26,50,3,6
710,26,50,3,6
709,2,1,4,6
710,2,1,4,6
711,1,50,3,1
712,1,50,3,1
711,2,1,2,1
712,2,1,2,1
713,1,50,3,6
714,1,50,3,6
713,2,1,4,6
714,2,1,4,6
715,1,50,3,1
716,1,50,3,1
715,2,1,2,1
716,2,1,2,1
717,1,50,3,6
718,1,50,3,6
717,2,1,4,6
718,2,1,4,6
719,26,50,3,6
720,26,50,3,6
719,2,1,4,6
720,2,1,4,6
721,26,50,3,1
722,26,50,3,1
721,2,1,2,1
722,2,1,2,1
723,26,50,3,1
724,26,50,3,1
723,2,1,2,1
724,2,1,2,1
725,26,50,3,6
726,26,50,3,6
725,2,1,4,6
726,2,1,4,6
727,26,50,3,6
728,26,50,3,6
727,2,1,4,6
728,2,1,4,6
729,26,50,3,1
730,26,50,3,1
729,2,1,2,1
730,2,1,2,1
731,26,50,3,1
732,26,50,3,1
731,2,1,2,1
732,2,1,2,1
733,26,50,3,1
734,26,50,3,1
733,2,1,2,1
734,2,1,2,1
735,27,50,3,6
736,27,50,3,6
735,2,1,4,6
736,2,1,4,6
737,27,50,3,1
738,27,50,3,1
737,2,1,2,1
738,2,1,2,1
739,27,50,3,1
740,27,50,3,1
739,2,1,2,1
740,2,1,2,1
741,5,50,3,1
742,5,50,3,1
741,2,1,2,1
742,2,1,2,1
743,5,50,3,6
744,5,50,3,6
743,2,1,4,6
744,2,1,4,6
745,26,50,3,1
746,26,50,3,1
745,2,1,2,1
746,2,1,2,1
747,26,50,3,1
748,26,50,3,1
747,2,1,2,1
748,2,1,2,1
749,86,50,3,6
750,86,50,3,6
749,2,1,4,6
750,2,1,4,6
751,87,50,3,6
752,87,50,3,6
751,2,1,4,6
752,2,1,4,6
753,86,50,3,6
754,86,50,3,6
753,2,1,4,6
754,2,1,4,6
755,26,50,3,1
756,26,50,3,1
755,2,1,2,1
756,2,1,2,1
757,82,50,3,1
758,82,50,3,1
757,2,1,2,1
758,2,1,2,1
759,86,50,3,6
760,86,50,3,6
759,2,1,4,6
760,2,1,4,6
761,5,50,3,1
762,5,50,3,1
761,2,1,2,1
762,2,1,2,1
763,79,50,3,1
764,79,50,3,1
763,2,1,2,1
764,2,1,2,1
765,79,50,3,1
766,79,50,3,1
765,2,1,2,1
766,2,1,2,1
767,73,50,3,1
768,73,50,3,1
767,2,1,2,1
768,2,1,2,1
769,73,50,3,2
770,73,50,3,2
769,2,1,1,2
770,2,1,1,2
771,22,50,3,6
772,22,50,3,6
771,2,1,4,6
772,2,1,4,6
773,64,50,3,6
774,64,50,3,6
773,2,1,4,6
774,2,1,4,6
775,26,50,3,1
776,26,50,3,1
775,2,1,2,1
776,2,1,2,1
777,86,50,3,1
778,86,50,3,1
777,2,1,2,1
778,2,1,2,1
779,86,50,3,1
780,86,50,3,1
779,2,1,2,1
780,2,1,2,1
781,86,50,3,6
782,86,50,3,6
781,2,1,4,6
782,2,1,4,6
783,15,50,3,6
784,15,50,3,6
783,2,1,4,6
784,2,1,4,6
785,15,50,3,6
786,15,50,3,6
785,17,50,3,6
786,17,50,3,6
785,2,1,4,6
786,2,1,4,6
787,1,50,3,6
788,1,50,3,6
787,2,1,4,6
788,2,1,4,6
789,86,50,3,2
790,86,50,3,2
789,2,1,1,2
790,2,1,1,2
791,93,50,3,6
792,93,50,3,6
791,2,1,4,6
792,2,1,4,6
793,26,50,3,1
794,26,50,3,1
793,2,1,2,1
794,2,1,2,1
795,67,50,3,2
796,67,50,3,2
795,2,1,1,2
796,2,1,1,2
797,79,50,3,1
798,79,50,3,1
797,2,1,2,1
798,2,1,2,1
799,76,50,3,1
800,76,50,3,1
799,2,1,2,1
800,2,1,2,1
801,76,50,3,1
802,76,50,3,1
801,2,1,2,1
802,2,1,2,1
803,26,50,3,1
804,26,50,3,1
803,2,1,2,1
804,2,1,2,1
805,94,50,3,6
806,94,50,3,6
805,2,1,4,6
806,2,1,4,6
807,94,50,3,6
808,94,50,3,6
807,2,1,4,6
808,2,1,4,6
809,26,50,3,6
810,26,50,3,6
809,2,1,4,6
810,2,1,4,6
811,79,50,3,1
812,79,50,3,1
811,2,1,2,1
812,2,1,2,1
813,28,3,3,1
814,28,3,3,1
813,2,1,2,1
814,2,1,2,1
815,76,50,3,6
816,76,50,3,6
815,2,1,4,6
816,2,1,4,6
817,79,30,3,1
818,79,30,3,1
817,2,1,2,1
818,2,1,2,1
819,1,30,3,6
820,1,30,3,6
819,2,1,4,6
820,2,1,4,6
821,58,500,3,6
822,58,500,3,6
821,2,1,4,6
822,2,1,4,6
823,80,30,9,1
824,80,30,9,1
823,2,1,2,1
824,2,1,2,1
825,80,30,9,1
826,80,30,9,1
825,2,1,2,1
826,2,1,2,1
827,1,30,3,1
828,1,30,3,1
827,2,1,2,1
828,2,1,2,1
829,1,500,3,6
830,1,500,3,6
829,2,1,4,6
830,2,1,4,6
831,64,0.18,3,6
832,64,0.18,3,6
831,63,500,3,6
832,63,500,3,6
831,18,432,3,6
832,18,432,3,6
831,56,450,3,6
832,56,450,3,6
831,2,1,4,6
832,2,1,4,6
833,64,0.18,3,6
834,64,0.18,3,6
833,63,500,3,6
834,63,500,3,6
833,18,432,3,6
834,18,432,3,6
833,56,450,3,6
834,56,450,3,6
833,2,1,4,6
834,2,1,4,6
835,64,0.18,3,6
836,64,0.18,3,6
835,63,500,3,6
836,63,500,3,6
835,18,432,3,6
836,18,432,3,6
835,56,450,3,6
836,56,450,3,6
835,2,1,4,6
836,2,1,4,6
837,64,0.18,3,6
838,64,0.18,3,6
837,63,500,3,6
838,63,500,3,6
837,18,432,3,6
838,18,432,3,6
837,56,450,3,6
838,56,450,3,6
837,2,1,4,6
838,2,1,4,6
839,1,30,3,1
840,1,30,3,1
839,2,1,2,1
840,2,1,2,1
841,1,500,3,6
842,1,500,3,6
841,2,1,4,6
842,2,1,4,6
843,1,500,3,6
844,1,500,3,6
843,2,1,4,6
844,2,1,4,6
845,1,30,3,1
846,1,30,3,1
845,2,1,2,1
846,2,1,2,1
847,77,30,3,1
848,77,30,3,1
847,2,1,1,1
848,2,1,1,1
849,60,500,3,6
850,60,500,3,6
849,52,500,3,6
850,52,500,3,6
849,2,1,4,6
850,2,1,4,6
851,60,500,3,1
852,60,500,3,1
851,2,1,2,1
852,2,1,2,1
853,51,500,3,1
854,51,500,3,1
853,60,500,3,1
854,60,500,3,1
853,2,1,2,1
854,2,1,2,1
855,24,30,3,1
856,24,30,3,1
855,25,30,3,1
856,25,30,3,1
855,2,1,2,1
856,2,1,2,1
857,86,30,3,1
858,86,30,3,1
857,2,1,2,1
858,2,1,2,1
859,26,30,3,2
860,26,30,3,2
859,2,1,1,2
860,2,1,1,2
861,26,30,3,6
862,26,30,3,6
861,2,1,4,6
862,2,1,4,6
863,57,30,3,1
864,57,30,3,1
863,2,1,2,1
864,2,1,2,1
865,29,30,3,1
866,29,30,3,1
865,2,1,2,1
866,2,1,2,1
867,49,30,3,1
868,49,30,3,1
867,50,30,3,1
868,50,30,3,1
867,2,1,2,1
868,2,1,2,1
869,67,30,3,1
870,67,30,3,1
869,2,1,2,1
870,2,1,2,1
871,71,30,3,1
872,71,30,3,1
871,2,1,2,1
872,2,1,2,1
873,80,30,3,1
874,80,30,3,1
873,2,1,2,1
874,2,1,2,1
875,56,30,3,1
876,56,30,3,1
875,2,1,2,1
876,2,1,2,1
877,95,30,3,1
878,95,30,3,1
877,2,1,2,1
878,2,1,2,1
879,95,30,3,1
880,95,30,3,1
879,2,1,2,1
880,2,1,2,1
881,51,500,3,6
882,51,500,3,6
881,2,1,4,6
882,2,1,4,6
883,49,30,3,1
884,49,30,3,1
883,2,1,2,1
884,2,1,2,1
885,1,500,3,6
886,1,500,3,6
885,2,1,4,6
886,2,1,4,6
887,1,30,3,1
888,1,30,3,1
887,2,1,2,1
888,2,1,2,1
889,3,300000,9,1
890,3,300000,9,1
889,4,300000,9,1
890,4,300000,9,1
889,5,300000,9,1
890,5,300000,9,1
889,6,300000,9,1
890,6,300000,9,1
889,7,300000,9,1
890,7,300000,9,1
889,2,1,2,1
890,2,1,2,1
891,57,30,3,1
892,57,30,3,1
891,2,1,2,1
892,2,1,2,1
893,96,250,2,4
894,96,250,2,4
893,14,250,2,4
894,14,250,2,4
895,97,250,2,4
896,97,250,2,4
895,14,250,2,4
896,14,250,2,4
897,98,250,2,4
898,98,250,2,4
897,14,250,2,4
898,14,250,2,4
899,99,5,2,4
900,99,5,2,4
899,14,5,2,4
900,14,5,2,4
901,95,250,2,4
902,95,250,2,4
901,14,250,2,4
902,14,250,2,4
903,95,250,2,4
904,95,250,2,4
903,14,250,2,4
904,14,250,2,4
905,100,250,2,4
906,100,250,2,4
905,14,250,2,4
906,14,250,2,4
907,101,5,2,4
908,101,5,2,4
907,14,5,2,4
908,14,5,2,4
909,102,0.4,4,6
910,102,0.4,4,6
909,2,0.4,4,6
910,2,0.4,4,6
911,102,0.4,4,6
912,102,0.4,4,6
911,2,0.4,4,6
912,2,0.4,4,6
913,103,100,2,4
914,103,100,2,4
913,14,100,2,4
914,14,100,2,4
915,104,250,2,4
916,104,250,2,4
915,14,250,2,4
916,14,250,2,4
917,105,100,2,4
918,105,100,2,4
917,14,100,2,4
918,14,100,2,4
919,106,100,2,4
920,106,100,2,4
919,14,100,2,4
920,14,100,2,4
921,107,100,2,4
922,107,100,2,4
921,14,100,2,4
922,14,100,2,4
923,11,100,2,4
924,11,100,2,4
923,14,100,2,4
924,14,100,2,4
925,109,100,2,4
926,109,100,2,4
925,14,100,2,4
926,14,100,2,4
927,110,100,2,4
928,110,100,2,4
927,14,100,2,4
928,14,100,2,4
929,111,100,2,4
930,111,100,2,4
929,14,100,2,4
930,14,100,2,4
931,112,100,2,4
932,112,100,2,4
931,14,100,2,4
932,14,100,2,4
933,24,432,3,6
934,24,432,3,6
933,2,10,4,6
934,2,10,4,6
935,24,432,3,6
936,24,432,3,6
935,2,10,4,6
936,2,10,4,6
937,113,109.8,3,4
938,113,109.8,3,4
937,14,120,2,4
938,14,120,2,4
939,114,0.1,3,4
940,114,0.1,3,4
939,14,120,2,4
940,14,120,2,4
941,198,15,3,4
942,198,15,3,4
941,14,120,2,4
942,14,120,2,4
943,115,15,3,6
944,115,15,3,6
943,2,10,4,6
944,2,10,4,6
945,116,10,3,4
946,116,10,3,4
945,14,10,2,4
946,14,10,2,4
947,116,10,3,4
948,116,10,3,4
947,14,10,2,4
948,14,10,2,4
949,117,5,3,4
950,117,5,3,4
949,14,10,2,4
950,14,10,2,4
951,17,15,3,4
952,17,15,3,4
951,14,120,2,4
952,14,120,2,4
953,118,120,2,4
954,118,120,2,4
955,118,120,2,4
956,118,120,2,4
955,17,15,3,4
956,17,15,3,4
957,118,120,2,4
958,118,120,2,4
957,119,15,3,4
958,119,15,3,4
959,118,120,2,4
960,118,120,2,4
959,120,15,3,4
960,120,15,3,4
961,118,120,2,4
962,118,120,2,4
961,121,15,3,4
962,121,15,3,4
963,118,120,2,4
964,118,120,2,4
963,122,15,3,4
964,122,15,3,4
965,118,120,2,4
966,118,120,2,4
965,123,15,3,4
966,123,15,3,4
967,118,120,2,4
968,118,120,2,4
967,124,15,3,4
968,124,15,3,4
969,118,120,2,4
970,118,120,2,4
969,125,15,3,4
970,125,15,3,4
971,118,120,2,4
972,118,120,2,4
971,126,15,3,4
972,126,15,3,4
973,118,120,2,4
974,118,120,2,4
973,126,15,3,4
974,126,15,3,4
975,118,120,2,4
976,118,120,2,4
975,130,15,3,4
976,130,15,3,4
977,118,120,2,4
978,118,120,2,4
977,131,15,3,4
978,131,15,3,4
979,118,120,2,4
980,118,120,2,4
979,132,15,3,4
980,132,15,3,4
981,118,120,2,4
982,118,120,2,4
981,133,15,3,4
982,133,15,3,4
983,118,120,2,4
984,118,120,2,4
983,134,15,3,4
984,134,15,3,4
985,118,120,2,4
986,118,120,2,4
985,135,15,3,4
986,135,15,3,4
987,118,120,2,4
988,118,120,2,4
987,136,15,3,4
988,136,15,3,4
989,118,120,2,4
990,118,120,2,4
989,137,15,3,4
990,137,15,3,4
991,118,120,2,4
992,118,120,2,4
991,138,15,3,4
992,138,15,3,4
993,118,120,2,4
994,118,120,2,4
993,130,15,3,4
994,130,15,3,4
993,14,120,2,4
994,14,120,2,4
995,118,120,2,4
996,118,120,2,4
995,131,15,3,4
996,131,15,3,4
995,14,120,2,4
996,14,120,2,4
997,118,120,2,4
998,118,120,2,4
997,132,15,3,4
998,132,15,3,4
997,14,120,2,4
998,14,120,2,4
999,118,120,2,4
1000,118,120,2,4
999,133,15,3,4
1000,133,15,3,4
999,14,120,2,4
1000,14,120,2,4
1001,118,120,2,4
1002,118,120,2,4
1001,134,15,3,4
1002,134,15,3,4
1001,14,120,2,4
1002,14,120,2,4
1003,118,120,2,4
1004,118,120,2,4
1003,135,15,3,4
1004,135,15,3,4
1003,14,120,2,4
1004,14,120,2,4
1005,118,120,2,4
1006,118,120,2,4
1005,136,15,3,4
1006,136,15,3,4
1005,14,120,2,4
1006,14,120,2,4
1007,118,120,2,4
1008,118,120,2,4
1007,137,15,3,4
1008,137,15,3,4
1007,14,120,2,4
1008,14,120,2,4
1009,118,120,2,4
1010,118,120,2,4
1009,138,15,3,4
1010,138,15,3,4
1009,14,120,2,4
1010,14,120,2,4
1011,118,120,2,4
1012,118,120,2,4
1011,139,15,3,4
1012,139,15,3,4
1011,14,120,2,4
1012,14,120,2,4
1013,63,200,3,4
1014,63,200,3,4
1013,147,40,3,4
1014,147,40,3,4
1013,2,1,2,4
1014,2,1,2,4
1015,75,N/E,1,4
1016,75,N/E,1,4
1015,15,N/E,1,4
1016,15,N/E,1,4
1015,2,1,1,4
1016,2,1,1,4
1017,149,1,1,4
1018,149,1,1,4
1017,2,100,2,4
1018,2,100,2,4
1019,149,100,3,4
1020,149,100,3,4
1019,2,1,4,4
1020,2,1,4,4
1021,150,1.5,1,4
1022,150,1.5,1,4
1021,151,N/E,1,4
1022,151,N/E,1,4
1021,140,N/E,1,4
1022,140,N/E,1,4
1021,141,N/E,1,4
1022,141,N/E,1,4
1021,152,N/E,1,4
1022,152,N/E,1,4
1021,153,N/E,1,4
1022,153,N/E,1,4
1023,150,1.5,1,4
1024,150,1.5,1,4
1023,151,N/E,1,4
1024,151,N/E,1,4
1023,140,N/E,1,4
1024,140,N/E,1,4
1023,141,N/E,1,4
1024,141,N/E,1,4
1023,152,N/E,1,4
1024,152,N/E,1,4
1023,153,N/E,1,4
1024,153,N/E,1,4
1025,154,39.66,3,4
1026,154,39.66,3,4
1025,66,159.23,3,4
1026,66,159.23,3,4
1025,155,104.75,3,4
1026,155,104.75,3,4
1025,156,112.9,3,4
1026,156,112.9,3,4
1025,157,47.43,3,4
1026,157,47.43,3,4
1025,158,0.05,3,4
1026,158,0.05,3,4
1025,2,1,2,4
1026,2,1,2,4
1027,154,39.66,3,4
1028,154,39.66,3,4
1027,66,159.23,3,4
1028,66,159.23,3,4
1027,155,104.75,3,4
1028,155,104.75,3,4
1027,156,112.9,3,4
1028,156,112.9,3,4
1027,157,47.43,3,4
1028,157,47.43,3,4
1027,158,0.05,3,4
1028,158,0.05,3,4
1027,2,1,2,4
1028,2,1,2,4
1029,159,N/E,1,4
1030,159,N/E,1,4
1029,160,N/E,1,4
1030,160,N/E,1,4
1029,161,N/E,1,4
1030,161,N/E,1,4
1029,2,1,1,4
1030,2,1,1,4
1031,140,30,1,4
1032,140,30,1,4
1031,141,5,1,4
1032,141,5,1,4
1031,142,3,1,4
1032,142,3,1,4
1031,143,0.5,1,4
1032,143,0.5,1,4
1031,144,3,1,4
1032,144,3,1,4
1031,2,100,2,4
1032,2,100,2,4
1033,2,N/E,3,4
1034,2,N/E,3,4
1035,145,5,3,4
1036,145,5,3,4
1035,2,1,2,4
1036,2,1,2,4
1037,145,10,3,4
1038,145,10,3,4
1037,145,20,3,4
1038,145,20,3,4
1037,2,1,4,4
1038,2,1,4,4
1039,146,200,3,4
1040,146,200,3,4
1039,147,40,3,4
1040,147,40,3,4
1039,2,1,2,4
1040,2,1,2,4
1041,146,200,3,4
1042,146,200,3,4
1041,147,40,3,4
1042,147,40,3,4
1041,2,1,2,4
1042,2,1,2,4
1043,147,4,1,4
1044,147,4,1,4
1043,148,20,1,4
1044,148,20,1,4
1043,2,100,2,4
1044,2,100,2,4
1045,148,4,1,4
1046,148,4,1,4
1045,147,0.8,1,4
1046,147,0.8,1,4
1045,2,60,2,4
1046,2,60,2,4
1047,162,N/E,3,4
1048,162,N/E,3,4
1047,163,N/E,3,4
1048,163,N/E,3,4
1047,126,N/E,3,4
1048,126,N/E,3,4
1047,2,1,2,4
1048,2,1,2,4
1049,164,0.35,1,4
1050,164,0.35,1,4
1049,22,400,1,4
1050,22,400,1,4
1049,2,100,1,4
1050,2,100,1,4
1051,165,1,1,4
1052,165,1,1,4
1051,2,N/E,1,4
1052,2,N/E,1,4
1053,166,0.35,1,4
1054,166,0.35,1,4
1053,2,1,2,4
1054,2,1,2,4
1055,167,N/E,1,4
1056,167,N/E,1,4
1055,137,N/E,1,4
1056,137,N/E,1,4
1055,168,N/E,1,4
1056,168,N/E,1,4
1055,160,N/E,1,4
1056,160,N/E,1,4
1057,169,N/E,1,4
1058,169,N/E,1,4
1057,160,N/E,1,4
1058,160,N/E,1,4
1057,168,N/E,1,4
1058,168,N/E,1,4
1057,170,N/E,1,4
1058,170,N/E,1,4
1057,161,N/E,1,4
1058,161,N/E,1,4
1059,171,100,3,4
1060,171,100,3,4
1059,172,N/E,3,4
1060,172,N/E,3,4
1059,2,N/E,3,4
1060,2,N/E,3,4
1061,173,2.5,1,4
1062,173,2.5,1,4
1061,2,100,2,4
1062,2,100,2,4
1063,174,2.2,1,4
1064,174,2.2,1,4
1063,175,1,1,4
1064,175,1,1,4
1063,147,1.2,1,4
1064,147,1.2,1,4
1063,176,0.25,1,4
1064,176,0.25,1,4
1063,177,0.5,1,4
1064,177,0.5,1,4
1063,178,10,1,4
1064,178,10,1,4
1063,2,N/E,2,4
1064,2,N/E,2,4
1065,163,2.2,3,10
1066,163,2.2,3,10
1065,126,1,3,10
1066,126,1,3,10
1065,147,1.2,3,10
1066,147,1.2,3,10
1065,162,8,3,10
1066,162,8,3,10
1065,2,1,2,10
1066,2,1,2,10
1067,163,2.2,3,10
1068,163,2.2,3,10
1067,126,1,3,10
1068,126,1,3,10
1067,147,1.2,3,10
1068,147,1.2,3,10
1067,162,8,3,10
1068,162,8,3,10
1067,2,1,2,10
1068,2,1,2,10
1069,164,0.01,1,11
1070,164,0.01,1,11
1069,22,0.01,1,11
1070,22,0.01,1,11
1069,2,100,2,11
1070,2,100,2,11
1071,168,600,1,12
1072,168,600,1,12
1071,165,100,1,12
1072,165,100,1,12
1071,167,400,1,12
1072,167,400,1,12
1071,137,400,1,12
1072,137,400,1,12
1071,166,8,1,12
1072,166,8,1,12
1071,169,10,1,12
1072,169,10,1,12
1071,170,10,1,12
1072,170,10,1,12
1073,171,1,10,13
1074,171,1,10,13
1075,172,225,11,12
1076,172,225,11,12
1075,173,225,11,12
1076,173,225,11,12
1075,174,225,11,12
1076,174,225,11,12
1075,175,225,11,12
1076,175,225,11,12
1075,176,225,11,12
1076,176,225,11,12
1077,177,150,3,6
1078,177,150,3,6
1077,18,150,3,6
1078,18,150,3,6
1077,178,50,3,6
1078,178,50,3,6
1077,2,1,4,6
1078,2,1,4,6
1079,179,200,12,6
1080,179,200,12,6
1079,179,500,12,6
1080,179,500,12,6
1079,179,800,12,6
1080,179,800,12,6
1079,2,1,4,6
1080,2,1,4,6
1081,179,1,3,1
1082,179,1,3,1
1081,2,1,2,1
1082,2,1,2,1
1083,180,10,3,1
1084,180,10,3,1
1083,181,225,11,12
1084,181,225,11,12
1083,182,225,11,12
1084,182,225,11,12
1083,183,225,11,12
1084,183,225,11,12
1083,2,1,2,1
1084,2,1,2,1
1085,180,10,3,1
1086,180,10,3,1
1085,181,225,11,12
1086,181,225,11,12
1085,182,225,11,12
1086,182,225,11,12
1085,183,225,11,12
1086,183,225,11,12
1085,2,1,2,1
1086,2,1,2,1
1087,184,76,1,11
1088,184,76,1,11
1087,185,2,1,11
1088,185,2,1,11
1087,186,4,1,11
1088,186,4,1,11
1087,187,3,1,11
1088,187,3,1,11
1087,2,100,1,11
1088,2,100,1,11
1089,60,100000,10,1
1090,60,100000,10,1
1089,188,100000,10,1
1090,188,100000,10,1
1089,52,120,3,1
1090,52,120,3,1
1089,21,0.2,3,1
1090,21,0.2,3,1
1089,2,1,2,1
1090,2,1,2,1
1091,60,100000,10,1
1092,60,100000,10,1
1091,188,100000,10,1
1092,188,100000,10,1
1091,52,120,3,1
1092,52,120,3,1
1091,21,0.2,3,1
1092,21,0.2,3,1
1091,2,1,2,1
1092,2,1,2,1
1093,189,3,1,11
1094,189,3,1,11
1093,190,5,1,11
1094,190,5,1,11
1093,191,2,1,11
1094,191,2,1,11
1093,192,3,1,11
1094,192,3,1,11
1093,185,1,1,11
1094,185,1,1,11
1093,193,5,1,11
1094,193,5,1,11
1093,194,200,10,11
1094,194,200,10,11
1093,195,2000,10,11
1094,195,2000,10,11
1093,2,100,1,11
1094,2,100,1,11
1095,196,2.5,1,11
1096,196,2.5,1,11
1095,122,2.5,1,11
1096,122,2.5,1,11
1095,2,100,1,11
1096,2,100,1,11
1097,196,2.5,1,11
1098,196,2.5,1,11
1097,122,2.5,1,11
1098,122,2.5,1,11
1097,2,100,1,11
1098,2,100,1,11
1099,196,2.5,1,11
1100,196,2.5,1,11
1099,122,2.5,1,11
1100,122,2.5,1,11
1099,2,100,1,11
1100,2,100,1,11
1101,196,2.5,1,11
1102,196,2.5,1,11
1101,122,2.5,1,11
1102,122,2.5,1,11
1101,2,100,1,11
1102,2,100,1,11
1103,76,50,3,1
1104,76,50,3,1
1103,162,10,3,1
1104,162,10,3,1
1103,14,1,2,1
1104,14,1,2,1
1105,76,50,3,1
1106,76,50,3,1
1105,162,10,3,1
1106,162,10,3,1
1105,14,1,2,1
1106,14,1,2,1
1107,186,50,3,1
1108,186,50,3,1
1107,14,1,2,1
1108,14,1,2,1
1109,103,N/E,9,4
1110,103,N/E,9,4
1109,11,N/E,9,4
1110,11,N/E,9,4
1109,4,N/E,9,4
1110,4,N/E,9,4
1109,163,N/E,9,4
1110,163,N/E,9,4
1109,126,N/E,9,4
1110,126,N/E,9,4
1111,11,N/E,9,4
1112,11,N/E,9,4
1111,4,N/E,9,4
1112,4,N/E,9,4
1111,103,N/E,9,4
1112,103,N/E,9,4
1111,5,N/E,9,4
1112,5,N/E,9,4
1111,6,N/E,9,4
1112,6,N/E,9,4
1111,7,N/E,9,4
1112,7,N/E,9,4
1111,8,N/E,9,4
1112,8,N/E,9,4
1111,9,N/E,9,4
1112,9,N/E,9,4
1111,10,N/E,9,4
1112,10,N/E,9,4
1113,164,400,1,4
1114,164,400,1,4
1113,22,2.5,1,4
1114,22,2.5,1,4
1113,165,5,1,4
1114,165,5,1,4
1113,166,25,1,4
1114,166,25,1,4
1113,167,2,1,4
1114,167,2,1,4
1113,154,2,1,4
1114,154,2,1,4
1113,14,250,1,4
1114,14,250,1,4
1115,137,1.2,1,4
1116,137,1.2,1,4
1115,168,8,1,4
1116,168,8,1,4
1115,169,5,1,4
1116,169,5,1,4
1115,170,2,1,4
1116,170,2,1,4
1115,164,1,1,4
1116,164,1,1,4
1115,171,3.5,1,4
1116,171,3.5,1,4
1115,172,600,1,4
1116,172,600,1,4
1115,14,N/E,1,4
1116,14,N/E,1,4
1117,137,1.2,1,4
1118,137,1.2,1,4
1117,168,8,1,4
1118,168,8,1,4
1117,169,5,1,4
1118,169,5,1,4
1117,170,2,1,4
1118,170,2,1,4
1117,164,1,1,4
1118,164,1,1,4
1117,171,3.5,1,4
1118,171,3.5,1,4
1117,172,600,1,4
1118,172,600,1,4
1117,14,N/E,1,4
1118,14,N/E,1,4
1119,18,225,3,1
1120,18,225,3,1
1119,173,4,3,1
1120,173,4,3,1
1119,64,0.2,3,1
1120,64,0.2,3,1
1119,14,1,2,1
1120,14,1,2,1
1121,174,20,3,1
1122,174,20,3,1
1121,14,1,2,1
1122,14,1,2,1
1123,64,2,3,4
1124,64,2,3,4
1123,173,50,3,4
1124,173,50,3,4
1123,2,N/E,3,4
1124,2,N/E,3,4
1125,174,100,3,4
1126,174,100,3,4
1125,2,N/E,3,4
1126,2,N/E,3,4
1127,175,100,3,4
1128,175,100,3,4
1127,137,200,3,4
1128,137,200,3,4
1127,176,2000,3,4
1128,176,2000,3,4
1127,177,125,3,4
1128,177,125,3,4
1127,14,100,2,4
1128,14,100,2,4
1129,175,100,3,4
1130,175,100,3,4
1129,137,200,3,4
1130,137,200,3,4
1129,176,2000,3,4
1130,176,2000,3,4
1129,177,125,3,4
1130,177,125,3,4
1129,14,100,2,4
1130,14,100,2,4
1131,178,2,3,4
1132,178,2,3,4
1131,14,100,2,4
1132,14,100,2,4
1133,178,2,3,4
1134,178,2,3,4
1133,14,100,1,4
1134,14,100,1,4
1135,178,2,3,4
1136,178,2,3,4
1135,14,100,1,4
1136,14,100,1,4
1137,63,200,3,1
1138,63,200,3,1
1137,147,100000,3,1
1138,147,100000,3,1
1137,179,76,3,1
1138,179,76,3,1
1137,2,1,2,1
1138,2,1,2,1
1139,63,200,3,1
1140,63,200,3,1
1139,147,100000,3,1
1140,147,100000,3,1
1139,179,76,3,1
1140,179,76,3,1
1139,2,1,2,1
1140,2,1,2,1
1141,180,5,3,4
1142,180,5,3,4
1141,2,N/E,3,4
1142,2,N/E,3,4
1143,180,400,3,4
1144,180,400,3,4
1143,2,N/E,3,4
1144,2,N/E,3,4
1145,181,100000,3,1
1146,181,100000,3,1
1145,182,0.8,3,1
1146,182,0.8,3,1
1145,14,1,2,1
1146,14,1,2,1
1147,183,78,1,4
1148,183,78,1,4
1147,184,79,1,4
1148,184,79,1,4
1147,185,N/E,3,4
1148,185,N/E,3,4
1147,2,N/E,1,4
1148,2,N/E,1,4
1149,154,N/E,3,4
1150,154,N/E,3,4
1149,122,N/E,3,4
1150,122,N/E,3,4
1149,133,N/E,3,4
1150,133,N/E,3,4
1149,137,N/E,3,4
1150,137,N/E,3,4
1149,185,N/E,3,4
1150,185,N/E,3,4
1149,2,N/E,3,4
1150,2,N/E,3,4
1151,162,N/E,10,4
1152,162,N/E,10,4
1151,163,N/E,10,4
1152,163,N/E,10,4
1151,126,N/E,10,4
1152,126,N/E,10,4
1153,154,N/E,10,4
1154,154,N/E,10,4
1153,164,N/E,10,4
1154,164,N/E,10,4
1155,22,N/E,10,4
1156,22,N/E,10,4
1155,50,N/E,10,4
1156,50,N/E,10,4
1155,165,N/E,10,4
1156,165,N/E,10,4
1155,166,N/E,10,4
1156,166,N/E,10,4
1155,126,N/E,10,4
1156,126,N/E,10,4
1157,22,N/E,10,4
1158,22,N/E,10,4
1157,50,N/E,10,4
1158,50,N/E,10,4
1157,165,N/E,10,4
1158,165,N/E,10,4
1157,166,N/E,10,4
1158,166,N/E,10,4
1157,126,N/E,10,4
1158,126,N/E,10,4
1159,22,N/E,10,4
1160,22,N/E,10,4
1159,50,N/E,10,4
1160,50,N/E,10,4
1159,165,N/E,10,4
1160,165,N/E,10,4
1159,166,N/E,10,4
1160,166,N/E,10,4
1159,126,N/E,10,4
1160,126,N/E,10,4
1161,22,N/E,10,4
1162,22,N/E,10,4
1161,50,N/E,10,4
1162,50,N/E,10,4
1161,165,N/E,10,4
1162,165,N/E,10,4
1161,166,N/E,10,4
1162,166,N/E,10,4
1161,126,N/E,10,4
1162,126,N/E,10,4
1163,22,N/E,10,4
1164,22,N/E,10,4
1163,50,N/E,10,4
1164,50,N/E,10,4
1163,165,N/E,10,4
1164,165,N/E,10,4
1163,166,N/E,10,4
1164,166,N/E,10,4
1163,126,N/E,10,4
1164,126,N/E,10,4
1165,22,N/E,10,4
1166,22,N/E,10,4
1165,50,N/E,10,4
1166,50,N/E,10,4
1165,165,N/E,10,4
1166,165,N/E,10,4
1165,166,N/E,10,4
1166,166,N/E,10,4
1165,126,N/E,10,4
1166,126,N/E,10,4
1167,165,N/E,10,4
1168,165,N/E,10,4
1167,166,N/E,10,4
1168,166,N/E,10,4
1167,126,N/E,10,4
1168,126,N/E,10,4
1169,167,N/E,10,4
1170,167,N/E,10,4
1169,137,N/E,10,4
1170,137,N/E,10,4
1169,168,N/E,10,4
1170,168,N/E,10,4
1171,167,N/E,10,4
1172,167,N/E,10,4
1171,137,N/E,10,4
1172,137,N/E,10,4
1171,168,N/E,10,4
1172,168,N/E,10,4
1173,169,N/E,10,4
1174,169,N/E,10,4
1173,170,N/E,10,4
1174,170,N/E,10,4
1175,169,N/E,10,4
1176,169,N/E,10,4
1175,170,N/E,10,4
1176,170,N/E,10,4
1177,169,N/E,10,4
1178,169,N/E,10,4
1177,170,N/E,10,4
1178,170,N/E,10,4
1179,128,N/E,10,4
1180,128,N/E,10,4
1179,171,N/E,10,4
1180,171,N/E,10,4
1179,165,N/E,10,4
1180,165,N/E,10,4
1179,49,N/E,10,4
1180,49,N/E,10,4
1179,47,N/E,10,4
1180,47,N/E,10,4
1179,130,N/E,10,4
1180,130,N/E,10,4
1179,48,N/E,10,4
1180,48,N/E,10,4
1179,166,N/E,10,4
1180,166,N/E,10,4
1179,126,N/E,10,4
1180,126,N/E,10,4
1185,172,"2,5",3,4
1186,172,"2,5",3,4
1185,173,10,3,4
1186,173,10,3,4
1189,174,250,3,1
1190,174,250,3,1
1189,175,45,3,1
1190,175,45,3,1
1191,176,250,3,1
1192,176,250,3,1
1191,177,45,3,1
1192,177,45,3,1
1193,178,68,3,1
1194,178,68,3,1
1193,179,10,3,1
1194,179,10,3,1
1193,180,0.4,3,1
1194,180,0.4,3,1
1197,181,250,3,1
1198,181,250,3,1
1197,182,45,3,1
1198,182,45,3,1
1201,183,250,3,1
1202,183,250,3,1
1201,184,0.4,3,1
1202,184,0.4,3,1
1205,185,5,3,4
1206,185,5,3,4
1205,186,"0,1",3,4
1206,186,"0,1",3,4
1217,187,45,3,4
1218,187,45,3,4
1217,188,10,3,4
1218,188,10,3,4
1221,189,100,3,1
1222,189,100,3,1
1221,190,0.4,3,1
1222,190,0.4,3,1
1221,191,0.4,3,1
1222,191,0.4,3,1
1229,192,45,3,6
1230,192,45,3,6
1229,193,10,3,6
1230,193,10,3,6
1229,194,250,3,6
1230,194,250,3,6
1233,195,100,3,4
1234,195,100,3,4
1235,196,100,3,4
1236,196,100,3,4
1237,197,500,3,6
1238,197,500,3,6
1239,162,100,3,1
1240,162,100,3,1
1239,14,1,2,1
1240,14,1,2,1
1241,162,20,3,1
1242,162,20,3,1
1241,14,1,2,1
1242,14,1,2,1
1243,26,5,3,1
1244,26,5,3,1
1243,14,1,2,1
1244,14,1,2,1
1245,26,5,3,1
1246,26,5,3,1
1245,14,1,2,1
1246,14,1,2,1
1247,26,5,3,1
1248,26,5,3,1
1247,14,1,2,1
1248,14,1,2,1
1249,26,1.5,3,1
1250,26,1.5,3,1
1249,14,1,2,1
1250,14,1,2,1
1251,26,1.5,3,1
1252,26,1.5,3,1
1251,14,1,2,1
1252,14,1,2,1
1253,163,0.8,3,1
1254,163,0.8,3,1
1253,14,1,2,1
1254,14,1,2,1
1255,162,100,3,1
1256,162,100,3,1
1255,14,1,2,1
1256,14,1,2,1
1257,162,20,3,1
1258,162,20,3,1
1257,14,1,2,1
1258,14,1,2,1
1259,126,2.2,1,4
1260,126,2.2,1,4
1259,164,1.2,1,4
1260,164,1.2,1,4
1259,22,0.25,1,4
1260,22,0.25,1,4
1259,165,0.5,1,4
1260,165,0.5,1,4
1259,166,0.01,1,4
1260,166,0.01,1,4
1259,167,0.35,1,4
1260,167,0.35,1,4
1259,137,400,1,4
1260,137,400,1,4
1261,126,2.2,1,4
1262,126,2.2,1,4
1261,164,1.2,1,4
1262,164,1.2,1,4
1261,22,0.25,1,4
1262,22,0.25,1,4
1261,165,0.5,1,4
1262,165,0.5,1,4
1261,166,0.01,1,4
1262,166,0.01,1,4
1261,167,0.35,1,4
1262,167,0.35,1,4
1261,137,400,1,4
1262,137,400,1,4
1263,126,2.2,1,4
1264,126,2.2,1,4
1263,164,1.2,1,4
1264,164,1.2,1,4
1263,166,0.05,1,4
1264,166,0.05,1,4
1263,165,8,1,4
1264,165,8,1,4
1263,167,0.1,1,4
1264,167,0.1,1,4
1263,22,1,1,4
1264,22,1,1,4
1263,137,1,1,4
1264,137,1,1,4
1263,14,600,1,4
1264,14,600,1,4
1265,17,65,1,9
1266,17,65,1,9
1265,14,225,1,9
1266,14,225,1,9
1267,17,65,1,9
1268,17,65,1,9
1267,14,225,1,9
1268,14,225,1,9
1269,17,65,1,9
1270,17,65,1,9
1269,14,225,1,9
1270,14,225,1,9
1271,17,65,1,9
1272,17,65,1,9
1271,14,225,1,9
1272,14,225,1,9
1273,17,65,1,9
1274,17,65,1,9
1273,14,225,1,9
1274,14,225,1,9
1275,17,65,1,9
1276,17,65,1,9
1275,14,225,1,9
1276,14,225,1,9
1277,168,2000,3,1
1278,168,2000,3,1
1277,14,1,2,1
1278,14,1,2,1
1279,169,3.5,3,1
1280,169,3.5,3,1
1279,170,125,11,1
1280,170,125,11,1
1279,171,800,3,1
1280,171,800,3,1
1279,2,1,2,1
1280,2,1,2,1
1281,74,50,3,1
1282,74,50,3,1
1281,14,1,2,1
1282,14,1,2,1
1283,74,50,3,1
1284,74,50,3,1
1283,14,1,2,1
1284,14,1,2,1
1285,76,10,3,1
1286,199,875,3,1
1287,200,250,3,1
1288,201,40,3,1
1289,202,100,3,1
1290,203,2,3,1
1291,204,500,3,1
1292,100,250,3,1
1293,205,500,3,1
1294,206,80,3,1
1295,148,800,3,1
1296,207,250,3,1
1297,208,500,3,1
1298,209,250,3,1
1299,210,500,3,1
1300,211,250,3,1
1301,1,500,3,1
1302,64,1,3,1
1303,212,150,3,1
1304,27,250,3,1
1305,213,400,3,1
1306,214,250,3,1
1307,215,75,3,1
1308,216,100,3,1
1309,217,1000,3,1
1310,218,100,3,1
1311,219,1000,3,1
1312,220,225,3,1
1313,162,25000,3,1
1314,221,400,3,1
1315,126,200,3,1
1316,222,5,3,1
1317,223,100,3,1
1318,224,50,3,1
1319,225,500,3,1
1320,226,25,3,1
1321,227,500,3,1
1322,228,1000,3,1
1323,128,300,3,1
1324,26,1.5,3,1
1325,229,75,3,1
1326,230,10,3,1
1327,231,100,3,1
1328,232,10,3,1
1329,19,0.5,3,1
1330,96,10,3,1
1331,233,75,3,1
1332,234,10,3,1
1333,235,400,3,1
1334,236,100,3,1
1335,237,50,3,1
1336,238,20,3,1
1337,239,500,3,1
1338,240,100000,3,1
1339,241,100,3,1
1340,242,0.25,3,1
1341,98,20,3,1
1342,243,0.5,3,1
1343,244,50,3,1
1344,245,50,3,1
1345,246,20,3,1
1346,104,75,3,1
1347,247,10,3,1
1348,248,667,3,1
1349,249,150,3,1
1350,250,100,3,1
1351,251,800,3,1
1352,252,5,3,1
1353,253,800,3,1
1354,76,5,3,1
1355,199,875,3,1
1356,200,250,3,1
1357,201,80,3,1
1358,202,50,3,1
1359,203,2,3,1
1360,204,250,3,1
1361,100,500,3,1
1362,205,250,3,1
1363,206,160,3,1
1364,148,400,3,1
1365,207,500,3,1
1366,208,250,3,1
1367,209,500,3,1
1368,210,350,3,1
1369,211,500,3,1
1370,1,500,3,1
1371,64,1,3,1
1372,212,150,3,1
1373,27,500,3,1
1374,213,200,3,1
1375,214,500,3,1
1376,215,40,3,1
1377,216,500,3,1
1378,217,500,3,1
1379,218,500,3,1
1380,219,500,3,1
1381,220,450,3,1
1382,162,25000,3,1
1383,221,400,3,1
1384,126,200,3,1
1385,222,10,3,1
1386,223,50,3,1
1387,224,100,3,1
1388,225,500,3,1
1389,226,25,3,1
1390,227,500,3,1
1391,228,1000,3,1
1392,128,300,3,1
1393,26,1.5,3,1
1394,229,75,3,1
1395,230,100,3,1
1396,231,50,3,1
1397,232,20,3,1
1398,19,0.5,3,1
1399,96,10,3,1
1400,233,50,3,1
1401,234,10,3,1
1402,235,200,3,1
1403,236,200,3,1
1404,237,50,3,1
1405,238,40,3,1
1406,239,250,3,1
1407,240,500000,3,1
1408,241,95,3,1
1409,242,0.5,3,1
1410,98,10,3,1
1411,243,0.5,3,1
1412,244,10,3,1
1413,245,100,3,1
1414,246,20,3,1
1415,104,150,3,1
1416,247,5,3,1
1417,248,3335,3,1
1418,249,100,3,1
1419,250,500,3,1
1420,251,400,3,1
1421,252,10,3,1
1422,253,400,3,1
1423,76,100,3,1
1424,199,875,3,1
1425,200,250,3,1
1426,201,40,3,1
1427,202,100,3,1
1428,203,2,3,1
1429,204,500,3,1
1430,100,250,3,1
1431,205,500,3,1
1432,206,80,3,1
1433,148,800,3,1
1434,207,250,3,1
1435,208,500,3,1
1436,209,250,3,1
1437,210,500,3,1
1438,211,250,3,1
1439,1,500,3,1
1440,64,1,3,1
1441,212,150,3,1
1442,27,250,3,1
1443,213,400,3,1
1444,214,250,3,1
1445,215,75,3,1
1446,216,100,3,1
1447,217,1000,3,1
1448,218,100,3,1
1449,219,1000,3,1
1450,220,225,3,1
1451,162,25000,3,1
1452,221,400,3,1
1453,126,200,3,1
1454,222,5,3,1
1455,223,100,3,1
1456,224,50,3,1
1457,225,500,3,1
1458,226,25,3,1
1459,227,500,3,1
1460,228,1000,3,1
1461,128,300,3,1
1462,26,1.5,3,1
1463,229,75,3,1
1464,230,10,3,1
1465,231,100,3,1
1466,232,10,3,1
1467,19,0.5,3,1
1468,96,10,3,1
1469,233,75,3,1
1470,234,10,3,1
1471,235,400,3,1
1472,236,100,3,1
1473,237,50,3,1
1474,238,20,3,1
1475,239,500,3,1
1476,240,100000,3,1
1477,241,100,3,1
1478,242,0.25,3,1
1479,98,20,3,1
1480,243,0.5,3,1
1481,244,50,3,1
1482,245,50,3,1
1483,246,20,3,1
1484,104,75,3,1
1485,247,10,3,1
1486,248,667,3,1
1487,249,150,3,1
1488,250,100,3,1
1489,251,800,3,1
1490,252,5,3,1
1491,253,800,3,1
1492,76,50,3,1
1493,199,875,3,1
1494,200,250,3,1
1495,201,80,3,1
1496,202,50,3,1
1497,203,2,3,1
1498,204,250,3,1
1499,100,500,3,1
1500,205,250,3,1
1501,206,160,3,1
1502,148,400,3,1
1503,207,500,3,1
1504,208,250,3,1
1505,209,500,3,1
1506,210,350,3,1
1507,211,500,3,1
1508,1,500,3,1
1509,64,1,3,1
1510,212,150,3,1
1511,27,500,3,1
1512,213,200,3,1
1513,214,500,3,1
1514,215,40,3,1
1515,216,500,3,1
1516,217,500,3,1
1517,218,500,3,1
1518,219,500,3,1
1519,220,450,3,1
1520,162,25000,3,1
1521,221,400,3,1
1522,126,200,3,1
1523,222,10,3,1
1524,223,50,3,1
1525,224,100,3,1
1526,225,500,3,1
1527,226,25,3,1
1528,227,500,3,1
1529,228,1000,3,1
1530,128,300,3,1
1531,26,1.5,3,1
1532,229,75,3,1
1533,230,100,3,1
1534,231,50,3,1
1535,232,20,3,1
1536,19,0.5,3,1
1537,96,10,3,1
1538,233,50,3,1
1539,234,10,3,1
1540,235,200,3,1
1541,236,200,3,1
1542,237,50,3,1
1543,238,40,3,1
1544,239,250,3,1
1545,240,500000,3,1
1546,241,95,3,1
1547,242,0.5,3,1
1548,98,10,3,1
1549,243,0.5,3,1
1550,244,10,3,1
1551,245,100,3,1
1552,246,20,3,1
1553,104,150,3,1
1554,247,5,3,1
1555,248,3335,3,1
1556,249,100,3,1
1557,250,500,3,1
1558,251,400,3,1
1559,252,10,3,1
1560,253,400,3,1
1561,76,25,3,1
1562,199,875,3,1
1563,200,250,3,1
1564,201,40,3,1
1565,202,100,3,1
1566,203,2,3,1
1567,204,500,3,1
1568,100,250,3,1
1569,205,500,3,1
1570,206,80,3,1
1571,148,800,3,1
1572,207,250,3,1
1573,208,500,3,1
1574,209,250,3,1
1575,210,500,3,1
1576,211,250,3,1
1577,1,500,3,1
1578,64,1,3,1
1579,212,150,3,1
1580,27,250,3,1
1581,213,400,3,1
1582,214,250,3,1
1583,215,75,3,1
1584,216,100,3,1
1585,217,1000,3,1
1586,218,100,3,1
1587,219,1000,3,1
1588,220,225,3,1
1589,162,25000,3,1
1590,221,400,3,1
1591,126,200,3,1
1592,222,5,3,1
1593,223,100,3,1
1594,224,50,3,1
1595,225,500,3,1
1596,226,25,3,1
1597,227,500,3,1
1598,228,1000,3,1
1599,128,300,3,1
1600,26,1.5,3,1
1601,229,75,3,1
1602,230,10,3,1
1603,231,100,3,1
1604,232,10,3,1
1605,19,0.5,3,1
1606,96,10,3,1
1607,233,75,3,1
1608,234,10,3,1
1609,235,400,3,1
1610,236,100,3,1
1611,237,50,3,1
1612,238,20,3,1
1613,239,500,3,1
1614,240,100000,3,1
1615,241,100,3,1
1616,242,0.25,3,1
1617,98,20,3,1
1618,243,0.5,3,1
1619,244,50,3,1
1620,245,50,3,1
1621,246,20,3,1
1622,104,75,3,1
1623,247,10,3,1
1624,248,667,3,1
1625,249,150,3,1
1626,250,100,3,1
1627,251,800,3,1
1628,252,5,3,1
1629,253,800,3,1
1630,76,10,3,1
1631,199,875,3,1
1632,200,250,3,1
1633,201,80,3,1
1634,202,50,3,1
1635,203,2,3,1
1636,204,250,3,1
1637,100,500,3,1
1638,205,250,3,1
1639,206,160,3,1
1640,148,400,3,1
1641,207,500,3,1
1642,208,250,3,1
1643,209,500,3,1
1644,210,350,3,1
1645,211,500,3,1
1646,1,500,3,1
1647,64,1,3,1
1648,212,150,3,1
1649,27,500,3,1
1650,213,200,3,1
1651,214,500,3,1
1652,215,40,3,1
1653,216,500,3,1
1654,217,500,3,1
1655,218,500,3,1
1656,219,500,3,1
1657,220,450,3,1
1658,162,25000,3,1
1659,221,400,3,1
1660,126,200,3,1
1661,222,10,3,1
1662,223,50,3,1
1663,224,100,3,1
1664,225,500,3,1
1665,226,25,3,1
1666,227,500,3,1
1667,228,1000,3,1
1668,128,300,3,1
1669,26,1.5,3,1
1670,229,75,3,1
1671,230,100,3,1
1672,231,50,3,1
1673,232,20,3,1
1674,19,0.5,3,1
1675,96,10,3,1
1676,233,50,3,1
1677,234,10,3,1
1678,235,200,3,1
1679,236,200,3,1
1680,237,50,3,1
1681,238,40,3,1
1682,239,250,3,1
1683,240,500000,3,1
1684,241,95,3,1
1685,242,0.5,3,1
1686,98,10,3,1
1687,243,0.5,3,1
1688,244,10,3,1
1689,245,100,3,1
1690,246,20,3,1
1691,104,150,3,1
1692,247,5,3,1
1693,248,3335,3,1
1694,249,100,3,1
1695,250,500,3,1
1696,251,400,3,1
1697,252,10,3,1
1698,253,400,3,1
1699,76,5,3,1
1700,199,875,3,1
1701,200,250,3,1
1702,201,40,3,1
1703,202,100,3,1
1704,203,2,3,1
1705,204,500,3,1
1706,100,250,3,1
1707,205,500,3,1
1708,206,80,3,1
1709,148,800,3,1
1710,207,250,3,1
1711,208,500,3,1
1712,209,250,3,1
1713,210,500,3,1
1714,211,250,3,1
1715,1,500,3,1
1716,64,1,3,1
1717,212,150,3,1
1718,27,250,3,1
1719,213,400,3,1
1720,214,250,3,1
1721,215,75,3,1
1722,216,100,3,1
1723,217,1000,3,1
1724,218,100,3,1
1725,219,1000,3,1
1726,220,225,3,1
1727,162,25000,3,1
1728,221,400,3,1
1729,126,200,3,1
1730,222,5,3,1
1731,223,100,3,1
1732,224,50,3,1
1733,225,500,3,1
1734,226,25,3,1
1735,227,500,3,1
1736,228,1000,3,1
1737,128,300,3,1
1738,26,1.5,3,1
1739,229,75,3,1
1740,230,10,3,1
1741,231,100,3,1
1742,232,10,3,1
1743,19,0.5,3,1
1744,96,10,3,1
1745,233,75,3,1
1746,234,10,3,1
1747,235,400,3,1
1748,236,100,3,1
1749,237,50,3,1
1750,238,20,3,1
1751,239,500,3,1
1752,240,100000,3,1
1753,241,100,3,1
1754,242,0.25,3,1
1755,98,20,3,1
1756,243,0.5,3,1
1757,244,50,3,1
1758,245,50,3,1
1759,246,20,3,1
1760,104,75,3,1
1761,247,10,3,1
1762,248,667,3,1
1763,249,150,3,1
1764,250,100,3,1
1765,251,800,3,1
1766,252,5,3,1
1767,253,800,3,1
1768,76,100,3,1
1769,199,875,3,1
1770,200,250,3,1
1771,201,80,3,1
1772,202,50,3,1
1773,203,2,3,1
1774,204,250,3,1
1775,100,500,3,1
1776,205,250,3,1
1777,206,160,3,1
1778,148,400,3,1
1779,207,500,3,1
1780,208,250,3,1
1781,209,500,3,1
1782,210,350,3,1
1783,211,500,3,1
1784,1,500,3,1
1785,64,1,3,1
1786,212,150,3,1
1787,27,500,3,1
1788,213,200,3,1
1789,214,500,3,1
1790,215,40,3,1
1791,216,500,3,1
1792,217,500,3,1
1793,218,500,3,1
1794,219,500,3,1
1795,220,450,3,1
1796,162,25000,3,1
1797,221,400,3,1
1798,126,200,3,1
1799,222,10,3,1
1800,223,50,3,1
1801,224,100,3,1
1802,225,500,3,1
1803,226,25,3,1
1804,227,500,3,1
1805,228,1000,3,1
1806,128,300,3,1
1807,26,1.5,3,1
1808,229,75,3,1
1809,230,100,3,1
1810,231,50,3,1
1811,232,20,3,1
1812,19,0.5,3,1
1813,96,10,3,1
1814,233,50,3,1
1815,234,10,3,1
1816,235,200,3,1
1817,236,200,3,1
1818,237,50,3,1
1819,238,40,3,1
1820,239,250,3,1
1821,240,500000,3,1
1822,241,95,3,1
1823,242,0.5,3,1
1824,98,10,3,1
1825,243,0.5,3,1
1826,244,10,3,1
1827,245,100,3,1
1828,246,20,3,1
1829,104,150,3,1
1830,247,5,3,1
1831,248,3335,3,1
1832,249,100,3,1
1833,250,500,3,1
1834,251,400,3,1
1835,252,10,3,1
1836,253,400,3,1
1837,76,50,3,1
1838,199,875,3,1
1839,200,250,3,1
1840,201,40,3,1
1841,202,100,3,1
1842,203,2,3,1
1843,204,500,3,1
1844,100,250,3,1
1845,205,500,3,1
1846,206,80,3,1
1847,148,800,3,1
1848,207,250,3,1
1849,208,500,3,1
1850,209,250,3,1
1851,210,500,3,1
1852,211,250,3,1
1853,1,500,3,1
1854,64,1,3,1
1855,212,150,3,1
1856,27,250,3,1
1857,213,400,3,1
1858,214,250,3,1
1859,215,75,3,1
1860,216,100,3,1
1861,217,1000,3,1
1862,218,100,3,1
1863,219,1000,3,1
1864,220,225,3,1
1865,162,25000,3,1
1866,221,400,3,1
1867,126,200,3,1
1868,222,5,3,1
1869,223,100,3,1
1870,224,50,3,1
1871,225,500,3,1
1872,226,25,3,1
1873,227,500,3,1
1874,228,1000,3,1
1875,128,300,3,1
1876,26,1.5,3,1
1877,229,75,3,1
1878,230,10,3,1
1879,231,100,3,1
1880,232,10,3,1
1881,19,0.5,3,1
1882,96,10,3,1
1883,233,75,3,1
1884,234,10,3,1
1885,235,400,3,1
1886,236,100,3,1
1887,237,50,3,1
1888,238,20,3,1
1889,239,500,3,1
1890,240,100000,3,1
1891,241,100,3,1
1892,242,0.25,3,1
1893,98,20,3,1
1894,243,0.5,3,1
1895,244,50,3,1
1896,245,50,3,1
1897,246,20,3,1
1898,104,75,3,1
1899,247,10,3,1
1900,248,667,3,1
1901,249,150,3,1
1902,250,100,3,1
1903,251,800,3,1
1904,252,5,3,1
1905,253,800,3,1
1906,76,25,3,1
1907,199,875,3,1
1908,200,250,3,1
1909,201,80,3,1
1910,202,50,3,1
1911,203,2,3,1
1912,204,250,3,1
1913,100,500,3,1
1914,205,250,3,1
1915,206,160,3,1
1916,148,400,3,1
1917,207,500,3,1
1918,208,250,3,1
1919,209,500,3,1
1920,210,350,3,1
1921,211,500,3,1
1922,1,500,3,1
1923,64,1,3,1
1924,212,150,3,1
1925,27,500,3,1
1926,213,200,3,1
1927,214,500,3,1
1928,215,40,3,1
1929,216,500,3,1
1930,217,500,3,1
1931,218,500,3,1
1932,219,500,3,1
1933,220,450,3,1
1934,162,25000,3,1
1935,221,400,3,1
1936,126,200,3,1
1937,222,10,3,1
1938,223,50,3,1
1939,224,100,3,1
1940,225,500,3,1
1941,226,25,3,1
1942,227,500,3,1
1943,228,1000,3,1
1944,128,300,3,1
1945,26,1.5,3,1
1946,229,75,3,1
1947,230,100,3,1
1948,231,50,3,1
1949,232,20,3,1
1950,19,0.5,3,1
1951,96,10,3,1
1952,233,50,3,1
1953,234,10,3,1
1954,235,200,3,1
1955,236,200,3,1
1956,237,50,3,1
1957,238,40,3,1
1958,239,250,3,1
1959,240,500000,3,1
1960,241,95,3,1
1961,242,0.5,3,1
1962,98,10,3,1
1963,243,0.5,3,1
1964,244,10,3,1
1965,245,100,3,1
1966,246,20,3,1
1967,104,150,3,1
1968,247,5,3,1
1969,248,3335,3,1
1970,249,100,3,1
1971,250,500,3,1
1972,251,400,3,1
1973,252,10,3,1
1974,253,400,3,1
1975,76,10,3,1
1976,199,875,3,1
1977,200,250,3,1
1978,201,40,3,1
1979,202,100,3,1
1980,203,2,3,1
1981,204,500,3,1
1982,100,250,3,1
1983,205,500,3,1
1984,206,80,3,1
1985,76,100,3,2
1986,76,100,3,2
1987,254,100,3,2
1988,254,100,3,2
1989,255,500,3,2
1989,256,125,3,2
1990,255,500,3,2
1990,256,125,3,2
1991,257,250,3,2
1992,257,250,3,2
1993,258,1000,3,2
1994,258,1000,3,2
1995,206,80,3,2
1995,148,400,3,2
1996,206,80,3,2
1996,148,400,3,2
1997,211,125,3,2
1998,211,125,3,2
1999,259,500,3,2
2000,259,500,3,2
2001,203,50,3,2
2002,203,50,3,2
2003,205,250,3,2
2004,205,250,3,2
2005,260,50,3,2
2006,260,50,3,2
2007,261,200,3,2
2008,261,200,3,2
2009,262,100,3,2
2010,262,100,3,2
2011,263,500,3,2
2012,263,500,3,2
2013,264,100,3,2
2014,264,100,3,2
2015,265,100,3,2
2016,265,100,3,2
2017,1,222,3,2
2018,1,222,3,2
2019,64,1,3,2
2020,64,1,3,2
2021,212,50,3,2
2022,212,50,3,2
2023,27,250,3,2
2024,27,250,3,2
2025,266,75,3,2
2026,266,75,3,2
2027,213,200,3,2
2028,213,200,3,2
2029,16,1,3,2
2030,16,1,3,2
2031,267,50,3,2
2032,267,50,3,2
2033,268,6,3,2
2034,268,6,3,2
2035,269,10,3,2
2036,269,10,3,2
2037,236,100,3,2
2038,236,100,3,2
2039,237,50,3,2
2040,237,50,3,2
2041,235,200,3,2
2042,235,200,3,2
2043,240,100000,10,2
2044,240,100000,10,2
2045,270,50,3,2
2046,270,50,3,2
2047,271,50,3,2
2048,271,50,3,2
2049,272,250,3,2
2050,272,250,3,2
2051,86,1,2,1
2052,86,1,2,1
2053,273,5000,10,2
2054,273,5000,10,2
2055,274,1000,10,2
2056,274,1000,10,2
2057,275,100,10,2
2058,275,100,10,2
2059,276,5,3,2
2060,276,5,3,2
2061,277,50,3,2
2061,278,20,3,2
2061,279,100,3,2
2061,280,25,3,2
2061,281,50,12,2
2062,277,50,3,2
2062,278,20,3,2
2062,279,100,3,2
2062,280,25,3,2
2062,281,50,12,2
2063,282,500,3,2
2064,282,500,3,2
2065,283,5,3,2
2066,283,5,3,2
2067,284,1,3,2
2068,284,1,3,2
2069,277,100,3,2
2070,277,100,3,2
2071,26,5,3,2
2072,26,5,3,2
2073,229,50,3,2
2074,229,50,3,2
2075,230,100,3,2
2076,230,100,3,2
2077,285,10,3,2
2078,285,10,3,2
2079,286,50,3,2
2080,286,50,3,2
2081,287,5,3,2
2082,287,5,3,2
2083,19,2,3,2
2084,19,2,3,2
2085,241,100,3,2
2086,241,100,3,2
2087,288,10,10,2
2088,288,10,10,2
2089,248,3300,3,2
2090,248,3300,3,2
2091,289,10,3,2
2092,289,10,3,2
2093,246,20,3,2
2094,246,20,3,2
2095,290,150,3,2
2096,290,150,3,2
2097,291,150,3,2
2098,291,150,3,2
2099,292,500,3,2
2100,292,500,3,2
2101,293,1000000000,10,2
2102,293,1000000000,10,2
2103,295,50,3,2
2103,296,50,3,2
2103,297,50,3,2
2104,295,50,3,2
2104,296,50,3,2
2104,297,50,3,2
2105,76,100,3,2
2106,76,100,3,2
2107,254,100,3,2
2108,254,100,3,2
2109,255,500,3,2
2109,256,125,3,2
2110,255,500,3,2
2110,256,125,3,2
2111,257,250,3,2
2112,257,250,3,2
2113,258,1000,3,2
2114,258,1000,3,2
2115,206,80,3,2
2115,148,400,3,2
2116,206,80,3,2
2116,148,400,3,2
2117,211,125,3,2
2118,211,125,3,2
2119,259,500,3,2
2120,259,500,3,2
2121,203,50,3,2
2122,203,50,3,2
2123,205,250,3,2
2124,205,250,3,2
2125,260,50,3,2
2126,260,50,3,2
2127,261,200,3,2
2128,261,200,3,2
2129,262,100,3,2
2130,262,100,3,2
2131,263,500,3,2
2132,263,500,3,2
2133,264,100,3,2
2134,264,100,3,2
2135,265,100,3,2
2136,265,100,3,2
2137,1,222,3,2
2138,1,222,3,2
2139,64,1,3,2
2140,64,1,3,2
2141,212,50,3,2
2142,212,50,3,2
2143,27,250,3,2
2144,27,250,3,2
2145,266,75,3,2
2146,266,75,3,2
2147,213,200,3,2
2148,213,200,3,2
2149,16,1,3,2
2150,16,1,3,2
2151,267,50,3,2
2152,267,50,3,2
2153,268,6,3,2
2154,268,6,3,2
2155,269,10,3,2
2156,269,10,3,2
2157,236,100,3,2
2158,236,100,3,2
2159,237,50,3,2
2160,237,50,3,2
2161,235,200,3,2
2162,235,200,3,2
2163,240,100000,10,2
2164,240,100000,10,2
2165,270,50,3,2
2166,270,50,3,2
2167,271,50,3,2
2168,271,50,3,2
2169,272,250,3,2
2170,272,250,3,2
2171,86,1,2,1
2172,86,1,2,1
2173,273,5000,10,2
2174,273,5000,10,2
2175,274,1000,10,2
2176,274,1000,10,2
2177,275,100,10,2
2178,275,100,10,2
2179,276,5,3,2
2180,276,5,3,2
2181,277,50,3,2
2181,278,20,3,2
2181,279,100,3,2
2181,280,25,3,2
2181,281,50,12,2
2182,277,50,3,2
2182,278,20,3,2
2182,279,100,3,2
2182,280,25,3,2
2182,281,50,12,2
2183,282,500,3,2
2184,282,500,3,2
2185,283,5,3,2
2186,283,5,3,2
2187,284,1,3,2
2188,284,1,3,2
2189,277,100,3,2
2190,277,100,3,2
2191,26,5,3,2
2192,26,5,3,2
2193,229,50,3,2
2194,229,50,3,2
2195,230,100,3,2
2196,230,100,3,2
2197,285,10,3,2
2198,285,10,3,2
2199,286,50,3,2
2200,286,50,3,2
2201,287,5,3,2
2202,287,5,3,2
2203,19,2,3,2
2204,19,2,3,2
2205,241,100,3,2
2206,241,100,3,2
2207,288,10,10,2
2208,288,10,10,2
2209,248,3300,3,2
2210,248,3300,3,2
2211,289,10,3,2
2212,289,10,3,2
2213,246,20,3,2
2214,246,20,3,2
2215,290,150,3,2
2216,290,150,3,2
2217,291,150,3,2
2218,291,150,3,2
2219,292,500,3,2
2220,292,500,3,2
2221,293,1000000000,10,2
2222,293,1000000000,10,2
2223,295,50,3,2
2223,296,50,3,2
2223,297,50,3,2
2224,295,50,3,2
2224,296,50,3,2
2224,297,50,3,2
2225,76,100,3,2
2226,76,100,3,2
2227,254,100,3,2
2228,254,100,3,2
2229,255,500,3,2
2229,256,125,3,2
2230,255,500,3,2
2230,256,125,3,2
2231,257,250,3,2
2232,257,250,3,2
2233,258,1000,3,2
2234,258,1000,3,2
2235,206,80,3,2
2235,148,400,3,2
2236,206,80,3,2
2236,148,400,3,2
2237,211,125,3,2
2238,211,125,3,2
2239,259,500,3,2
2240,259,500,3,2
2241,203,50,3,2
2242,203,50,3,2
2243,205,250,3,2
2244,205,250,3,2
2245,260,50,3,2
2246,260,50,3,2
2247,261,200,3,2
2248,261,200,3,2
2249,262,100,3,2
2250,262,100,3,2
2251,263,500,3,2
2252,263,500,3,2
2253,264,100,3,2
2254,264,100,3,2
2255,265,100,3,2
2256,265,100,3,2
2257,1,222,3,2
2258,1,222,3,2
2259,64,1,3,2
2260,64,1,3,2
2261,212,50,3,2
2262,212,50,3,2
2263,27,250,3,2
2264,27,250,3,2
2265,266,75,3,2
2266,266,75,3,2
2267,213,200,3,2
2268,213,200,3,2
2269,16,1,3,2
2270,16,1,3,2
2271,267,50,3,2
2272,267,50,3,2
2273,268,6,3,2
2274,268,6,3,2
2275,269,10,3,2
2276,269,10,3,2
2277,236,100,3,2
2278,236,100,3,2
2279,237,50,3,2
2280,237,50,3,2
2281,235,200,3,2
2282,235,200,3,2
2283,240,100000,10,2
2284,240,100000,10,2
2285,270,50,3,2
2286,270,50,3,2
2287,271,50,3,2
2288,271,50,3,2
2289,272,250,3,2
2290,272,250,3,2
2291,86,1,2,1
2292,86,1,2,1
2293,273,5000,10,2
2294,273,5000,10,2
2295,274,1000,10,2
2296,274,1000,10,2
2297,275,100,10,2
2298,275,100,10,2
2299,276,5,3,2
2300,276,5,3,2
2301,277,50,3,2
2301,278,20,3,2
2301,279,100,3,2
2301,280,25,3,2
2301,281,50,12,2
2302,277,50,3,2
2302,278,20,3,2
2302,279,100,3,2
2302,280,25,3,2
2302,281,50,12,2
2303,282,500,3,2
2304,282,500,3,2
2305,283,5,3,2
2306,283,5,3,2
2307,284,1,3,2
2308,284,1,3,2
2309,277,100,3,2
2310,277,100,3,2
2311,26,5,3,2
2312,26,5,3,2
2313,229,50,3,2
2314,229,50,3,2
2315,230,100,3,2
2316,230,100,3,2
2317,285,10,3,2
2318,285,10,3,2
2319,286,50,3,2
2320,286,50,3,2
2321,287,5,3,2
2322,287,5,3,2
2323,19,2,3,2
2324,19,2,3,2
2325,241,100,3,2
2326,241,100,3,2
2327,288,10,10,2
2328,288,10,10,2
2329,248,3300,3,2
2330,248,3300,3,2
2331,289,10,3,2
2332,289,10,3,2
2333,246,20,3,2
2334,246,20,3,2
2335,290,150,3,2
2336,290,150,3,2
2337,291,150,3,2
2338,291,150,3,2
2339,292,500,3,2
2340,292,500,3,2
2341,293,1000000000,10,2
2342,293,1000000000,10,2
2343,295,50,3,2
2343,296,50,3,2
2343,297,50,3,2
2344,295,50,3,2
2344,296,50,3,2
2344,297,50,3,2
2345,76,100,3,2
2346,76,100,3,2
2347,254,100,3,2
2348,254,100,3,2
2349,255,500,3,2
2349,256,125,3,2
2350,255,500,3,2
2350,256,125,3,2
2351,257,250,3,2
2352,257,250,3,2
2353,258,1000,3,2
2354,258,1000,3,2
2355,206,80,3,2
2355,148,400,3,2
2356,206,80,3,2
2356,148,400,3,2
2357,211,125,3,2
2358,211,125,3,2
2359,259,500,3,2
2360,259,500,3,2
2361,203,50,3,2
2362,203,50,3,2
2363,205,250,3,2
2364,205,250,3,2
2365,260,50,3,2
2366,260,50,3,2
2367,261,200,3,2
2368,261,200,3,2
2369,262,100,3,2
2370,262,100,3,2
2371,263,500,3,2
2372,263,500,3,2
2373,264,100,3,2
2374,264,100,3,2
2375,265,100,3,2
2376,265,100,3,2
2377,1,222,3,2
2378,1,222,3,2
2379,64,1,3,2
2380,64,1,3,2
2381,212,50,3,2
2382,212,50,3,2
2383,27,250,3,2
2384,27,250,3,2
2385,266,75,3,2
2386,266,75,3,2
2387,213,200,3,2
2388,213,200,3,2
2389,16,1,3,2
2390,16,1,3,2
2391,267,50,3,2
2392,267,50,3,2
2393,268,6,3,2
2394,268,6,3,2
2395,269,10,3,2
2396,269,10,3,2
2397,236,100,3,2
2398,236,100,3,2
2399,237,50,3,2
2400,237,50,3,2
2401,235,200,3,2
2402,235,200,3,2
2403,240,100000,10,2
2404,240,100000,10,2
2405,270,50,3,2
2406,270,50,3,2
2407,271,50,3,2
2408,271,50,3,2
2409,272,250,3,2
2410,272,250,3,2
2411,86,1,2,1
2412,86,1,2,1
2413,273,5000,10,2
2414,273,5000,10,2
2415,274,1000,10,2
2416,274,1000,10,2
2417,275,100,10,2
2418,275,100,10,2
2419,276,5,3,2
2420,276,5,3,2
2421,277,50,3,2
2421,278,20,3,2
2421,279,100,3,2
2421,280,25,3,2
2421,281,50,12,2
2422,277,50,3,2
2422,278,20,3,2
2422,279,100,3,2
2422,280,25,3,2
2422,281,50,12,2
2423,282,500,3,2
2424,282,500,3,2
2425,283,5,3,2
2426,283,5,3,2
2427,284,1,3,2
2428,284,1,3,2
2429,277,100,3,2
2430,277,100,3,2
2431,26,5,3,2
2432,26,5,3,2
2433,229,50,3,2
2434,229,50,3,2
2435,230,100,3,2
2436,230,100,3,2
2437,285,10,3,2
2438,285,10,3,2
2439,286,50,3,2
2440,286,50,3,2
2441,287,5,3,2
2442,287,5,3,2
2443,19,2,3,2
2444,19,2,3,2
2445,241,100,3,2
2446,241,100,3,2
2447,288,10,10,2
2448,288,10,10,2
2449,248,3300,3,2
2450,248,3300,3,2
2451,289,10,3,2
2452,289,10,3,2
2453,246,20,3,2
2454,246,20,3,2
2455,290,150,3,2
2456,290,150,3,2
2457,291,150,3,2
2458,291,150,3,2
2459,292,500,3,2
2460,292,500,3,2
2461,293,1000000000,10,2
2462,293,1000000000,10,2
2463,295,50,3,2
2463,296,50,3,2
2463,297,50,3,2
2464,295,50,3,2
2464,296,50,3,2
2464,297,50,3,2
2465,76,100,3,2
2466,76,100,3,2
2467,254,100,3,2
2468,254,100,3,2
2469,255,500,3,2
2469,256,125,3,2
2470,255,500,3,2
2470,256,125,3,2
2471,257,250,3,2
2472,257,250,3,2
2473,258,1000,3,2
2474,258,1000,3,2
2475,206,80,3,2
2475,148,400,3,2
2476,206,80,3,2
2476,148,400,3,2
2477,211,125,3,2
2478,211,125,3,2
2479,259,500,3,2
2480,259,500,3,2
2481,203,50,3,2
2482,203,50,3,2
2483,205,250,3,2
2484,205,250,3,2
2485,260,50,3,2
2486,260,50,3,2
2487,261,200,3,2
2488,261,200,3,2
2489,262,100,3,2
2490,262,100,3,2
2491,263,500,3,2
2492,263,500,3,2
2493,264,100,3,2
2494,264,100,3,2
2495,265,100,3,2
2496,265,100,3,2
2497,1,222,3,2
2498,1,222,3,2
2499,64,1,3,2
2500,64,1,3,2
2501,212,50,3,2
2502,212,50,3,2
2503,27,250,3,2
2504,27,250,3,2
2505,266,75,3,2
2506,266,75,3,2
2507,213,200,3,2
2508,213,200,3,2
2509,16,1,3,2
2510,16,1,3,2
2511,267,50,3,2
2512,267,50,3,2
2513,268,6,3,2
2514,268,6,3,2
2515,269,10,3,2
2516,269,10,3,2
2517,236,100,3,2
2518,236,100,3,2
2519,237,50,3,2
2520,237,50,3,2
2521,235,200,3,2
2522,235,200,3,2
2523,240,100000,10,2
2524,240,100000,10,2
2525,270,50,3,2
2526,270,50,3,2
2527,271,50,3,2
2528,271,50,3,2
2529,272,250,3,2
2530,272,250,3,2
2531,86,1,2,1
2532,86,1,2,1
2533,273,5000,10,2
2534,273,5000,10,2
2535,274,1000,10,2
2536,274,1000,10,2
2537,275,100,10,2
2538,275,100,10,2
2539,276,5,3,2
2540,276,5,3,2
2541,277,50,3,2
2541,278,20,3,2
2541,279,100,3,2
2541,280,25,3,2
2541,281,50,12,2
2542,277,50,3,2
2542,278,20,3,2
2542,279,100,3,2
2542,280,25,3,2
2542,281,50,12,2
2543,282,500,3,2
2544,282,500,3,2
2545,283,5,3,2
2546,283,5,3,2
2547,284,1,3,2
2548,284,1,3,2
2549,277,100,3,2
2550,277,100,3,2
2551,26,5,3,2
2552,26,5,3,2
2553,229,50,3,2
2554,229,50,3,2
2555,230,100,3,2
2556,230,100,3,2
2557,285,10,3,2
2558,285,10,3,2
2559,286,50,3,2
2560,286,50,3,2
2561,287,5,3,2
2562,287,5,3,2
2563,19,2,3,2
2564,19,2,3,2
2565,241,100,3,2
2566,241,100,3,2
2567,288,10,10,2
2568,288,10,10,2
2569,248,3300,3,2
2570,248,3300,3,2
2571,289,10,3,2
2572,289,10,3,2
2573,246,20,3,2
2574,246,20,3,2
2575,290,150,3,2
2576,290,150,3,2
2577,291,150,3,2
2578,291,150,3,2
2579,292,500,3,2
2580,292,500,3,2
2581,293,1000000000,10,2
2582,293,1000000000,10,2
2583,295,50,3,2
2583,296,50,3,2
2583,297,50,3,2
2584,295,50,3,2
2584,296,50,3,2
2584,297,50,3,2
2585,76,100,3,2
2586,76,100,3,2
2587,254,100,3,2
2588,254,100,3,2
2589,255,500,3,2
2589,256,125,3,2
2590,255,500,3,2
2590,256,125,3,2
2591,257,250,3,2
2592,257,250,3,2
2593,258,1000,3,2
2594,258,1000,3,2
2595,206,80,3,2
2595,148,400,3,2
2596,206,80,3,2
2596,148,400,3,2
2597,211,125,3,2
2598,211,125,3,2
2599,259,500,3,2
2600,259,500,3,2
2601,203,50,3,2
2602,203,50,3,2
2603,205,250,3,2
2604,205,250,3,2
2605,260,50,3,2
2606,260,50,3,2
2607,261,200,3,2
2608,261,200,3,2
2609,262,100,3,2
2610,262,100,3,2
2611,263,500,3,2
2612,263,500,3,2
2613,264,100,3,2
2614,264,100,3,2
2615,265,100,3,2
2616,265,100,3,2
2617,1,222,3,2
2618,1,222,3,2
2619,64,1,3,2
2620,64,1,3,2
2621,212,50,3,2
2622,212,50,3,2
2623,27,250,3,2
2624,27,250,3,2
2625,266,75,3,2
2626,266,75,3,2
2627,213,200,3,2
2628,213,200,3,2
2629,16,1,3,2
2630,16,1,3,2
2631,267,50,3,2
2632,267,50,3,2
2633,268,6,3,2
2634,268,6,3,2
2635,269,10,3,2
2636,269,10,3,2
2637,236,100,3,2
2638,236,100,3,2
2639,237,50,3,2
2640,237,50,3,2
2641,235,200,3,2
2642,235,200,3,2
2643,240,100000,10,2
2644,240,100000,10,2
2645,270,50,3,2
2646,270,50,3,2
2647,271,50,3,2
2648,271,50,3,2
2649,272,250,3,2
2650,272,250,3,2
2651,86,1,2,1
2652,86,1,2,1
2653,273,5000,10,2
2654,273,5000,10,2
2655,274,1000,10,2
2656,274,1000,10,2
2657,275,100,10,2
2658,275,100,10,2
2659,276,5,3,2
2660,276,5,3,2
2661,277,50,3,2
2661,278,20,3,2
2661,279,100,3,2
2661,280,25,3,2
2661,281,50,12,2
2662,277,50,3,2
2662,278,20,3,2
2662,279,100,3,2
2662,280,25,3,2
2662,281,50,12,2
2663,282,500,3,2
2664,282,500,3,2
2665,283,5,3,2
2666,283,5,3,2
2667,284,1,3,2
2668,284,1,3,2
2669,277,100,3,2
2670,277,100,3,2
2671,26,5,3,2
2672,26,5,3,2
2673,229,50,3,2
2674,229,50,3,2
2675,230,100,3,2
2676,230,100,3,2
2677,285,10,3,2
2678,285,10,3,2
2679,286,50,3,2
2680,286,50,3,2
2681,287,5,3,2
2682,287,5,3,2
2683,19,2,3,2
2684,19,2,3,2
2685,241,100,3,2
2686,241,100,3,2
2687,288,10,10,2
2688,288,10,10,2
2689,248,3300,3,2
2690,248,3300,3,2
2691,289,10,3,2
2692,289,10,3,2
2693,246,20,3,2
2694,246,20,3,2
2695,290,150,3,2
2696,290,150,3,2
2697,291,150,3,2
2698,291,150,3,2
2699,292,500,3,2
2700,292,500,3,2
2701,293,1000000000,10,2
2702,293,1000000000,10,2
2703,295,50,3,2
2703,296,50,3,2
2703,297,50,3,2
2704,295,50,3,2
2704,296,50,3,2
2704,297,50,3,2
2705,76,100,3,2
2706,76,100,3,2
2707,254,100,3,2
2708,254,100,3,2
2709,255,500,3,2
2709,256,125,3,2
2710,255,500,3,2
2710,256,125,3,2
2711,257,250,3,2
2712,257,250,3,2
2713,258,1000,3,2
2714,258,1000,3,2
2715,206,80,3,2
2715,148,400,3,2
2716,206,80,3,2
2716,148,400,3,2
2717,211,125,3,2
2718,211,125,3,2
2719,259,500,3,2
2720,259,500,3,2
2721,203,50,3,2
2722,203,50,3,2
2723,205,250,3,2
2724,205,250,3,2
2725,260,50,3,2
2726,260,50,3,2
2727,261,200,3,2
2728,261,200,3,2
2729,262,100,3,2
2730,262,100,3,2
2731,263,500,3,2
2732,263,500,3,2
2733,264,100,3,2
2734,264,100,3,2
2735,265,100,3,2
2736,265,100,3,2
2737,1,222,3,2
2738,1,222,3,2
2739,64,1,3,2
2740,64,1,3,2
2741,212,50,3,2
2742,212,50,3,2
2743,27,250,3,2
2744,27,250,3,2
2745,266,75,3,2
2746,266,75,3,2
2747,213,200,3,2
2748,213,200,3,2
2749,16,1,3,2
2750,16,1,3,2
2751,267,50,3,2
2752,267,50,3,2
2753,268,6,3,2
2754,268,6,3,2
2755,269,10,3,2
2756,269,10,3,2
2757,236,100,3,2
2758,236,100,3,2
2759,237,50,3,2
2760,237,50,3,2
2761,235,200,3,2
2762,235,200,3,2
2763,240,100000,10,2
2764,240,100000,10,2
2765,270,50,3,2
2766,270,50,3,2
2767,271,50,3,2
2768,271,50,3,2
2769,272,250,3,2
2770,272,250,3,2
2771,86,1,2,1
2772,86,1,2,1
2773,273,5000,10,2
2774,273,5000,10,2
2775,274,1000,10,2
2776,274,1000,10,2
2777,275,100,10,2
2778,275,100,10,2
2779,276,5,3,2
2780,276,5,3,2
2781,277,50,3,2
2781,278,20,3,2
2781,279,100,3,2
2781,280,25,3,2
2781,281,50,12,2
2782,277,50,3,2
2782,278,20,3,2
2782,279,100,3,2
2782,280,25,3,2
2782,281,50,12,2
2783,282,500,3,2
2784,282,500,3,2
2785,283,5,3,2
2786,283,5,3,2
2787,284,1,3,2
2788,284,1,3,2
2789,277,100,3,2
2790,277,100,3,2
2791,26,5,3,2
2792,26,5,3,2
2793,229,50,3,2
2794,229,50,3,2
2795,230,100,3,2
2796,230,100,3,2
2797,285,10,3,2
2798,285,10,3,2
2799,286,50,3,2
2800,286,50,3,2
2801,287,5,3,2
2802,287,5,3,2
2803,19,2,3,2
2804,19,2,3,2
2805,241,100,3,2
2806,241,100,3,2
2807,288,10,10,2
2808,288,10,10,2
2809,248,3300,3,2
2810,248,3300,3,2
2811,289,10,3,2
2812,289,10,3,2
2813,246,20,3,2
2814,246,20,3,2
2815,290,150,3,2
2816,290,150,3,2
2817,291,150,3,2
2818,291,150,3,2
2819,292,500,3,2
2820,292,500,3,2
2821,293,1000000000,10,2
2822,293,1000000000,10,2
2823,295,50,3,2
2823,296,50,3,2
2823,297,50,3,2
2824,295,50,3,2
2824,296,50,3,2
2824,297,50,3,2
2825,76,100,3,2
2826,76,100,3,2
2827,254,100,3,2
2828,254,100,3,2
2829,255,500,3,2
2829,256,125,3,2
2830,255,500,3,2
2830,256,125,3,2
2831,257,250,3,2
2832,257,250,3,2
2833,258,1000,3,2
2834,258,1000,3,2
2835,206,80,3,2
2835,148,400,3,2
2836,206,80,3,2
2836,148,400,3,2
2837,211,125,3,2
2838,211,125,3,2
2839,259,500,3,2
2840,259,500,3,2
2841,203,50,3,2
2842,203,50,3,2
2843,205,250,3,2
2844,205,250,3,2
2845,260,50,3,2
2846,260,50,3,2
2847,261,200,3,2
2848,261,200,3,2
2849,262,100,3,2
2850,262,100,3,2
2851,263,500,3,2
2852,263,500,3,2
2853,264,100,3,2
2854,264,100,3,2
2855,265,100,3,2
2856,265,100,3,2
2857,1,222,3,2
2858,1,222,3,2
2859,64,1,3,2
2860,64,1,3,2
2861,212,50,3,2
2862,212,50,3,2
2863,27,250,3,2
2864,27,250,3,2
2865,266,75,3,2
2866,266,75,3,2
2867,213,200,3,2
2868,213,200,3,2
2869,16,1,3,2
2870,16,1,3,2
2871,267,50,3,2
2872,267,50,3,2
2873,268,6,3,2
2874,268,6,3,2
2875,269,10,3,2
2876,269,10,3,2
2877,236,100,3,2
2878,236,100,3,2
2879,237,50,3,2
2880,237,50,3,2
2881,235,200,3,2
2882,235,200,3,2
2883,240,100000,10,2
2884,240,100000,10,2
2885,270,50,3,2
2886,270,50,3,2
2887,271,50,3,2
2888,271,50,3,2
2889,272,250,3,2
2890,272,250,3,2
2891,86,1,2,1
2892,86,1,2,1
2893,273,5000,10,2
2894,273,5000,10,2
2895,274,1000,10,2
2896,274,1000,10,2
2897,275,100,10,2
2898,275,100,10,2
2899,276,5,3,2
2900,276,5,3,2
2901,277,50,3,2
2901,278,20,3,2
2901,279,100,3,2
2901,280,25,3,2
2901,281,50,12,2
2902,277,50,3,2
2902,278,20,3,2
2902,279,100,3,2
2902,280,25,3,2
2902,281,50,12,2
2903,282,500,3,2
2904,282,500,3,2
2905,283,5,3,2
2906,283,5,3,2
2907,284,1,3,2
2908,284,1,3,2
2909,277,100,3,2
2910,277,100,3,2
2911,26,5,3,2
2912,26,5,3,2
2913,229,50,3,2
2914,229,50,3,2
2915,230,100,3,2
2916,230,100,3,2
2917,285,10,3,2
2918,285,10,3,2
2919,286,50,3,2
2920,286,50,3,2
2921,287,5,3,2
2922,287,5,3,2
2923,19,2,3,2
2924,19,2,3,2
2925,241,100,3,2
2926,241,100,3,2
2927,288,10,10,2
2928,288,10,10,2
2929,248,3300,3,2
2930,248,3300,3,2
2931,289,10,3,2
2932,289,10,3,2
2933,246,20,3,2
2934,246,20,3,2
2935,290,150,3,2
2936,290,150,3,2
2937,291,150,3,2
2938,291,150,3,2
2939,292,500,3,2
2940,292,500,3,2
2941,293,1000000000,10,2
2942,293,1000000000,10,2
2943,295,50,3,2
2943,296,50,3,2
2943,297,50,3,2
2944,295,50,3,2
2944,296,50,3,2
2944,297,50,3,2
2945,76,100,3,2
2946,76,100,3,2
2947,254,100,3,2
2948,254,100,3,2
2949,255,500,3,2
2949,256,125,3,2
2950,255,500,3,2
2950,256,125,3,2
2951,257,250,3,2
2952,257,250,3,2
2953,258,1000,3,2
2954,258,1000,3,2
2955,206,80,3,2
2955,148,400,3,2
2956,206,80,3,2
2956,148,400,3,2
2957,211,125,3,2
2958,211,125,3,2
2959,259,500,3,2
2960,259,500,3,2
2961,203,50,3,2
2962,203,50,3,2
2963,205,250,3,2
2964,205,250,3,2
2965,260,50,3,2
2966,260,50,3,2
2967,261,200,3,2
2968,261,200,3,2
2969,262,100,3,2
2970,262,100,3,2
2971,263,500,3,2
2972,263,500,3,2
2973,264,100,3,2
2974,264,100,3,2
2975,265,100,3,2
2976,265,100,3,2
2977,1,222,3,2
2978,1,222,3,2
2979,64,1,3,2
2980,64,1,3,2
2981,212,50,3,2
2982,212,50,3,2
2983,27,250,3,2
2984,27,250,3,2
2985,266,75,3,2
2986,266,75,3,2
2987,213,200,3,2
2988,213,200,3,2
2989,16,1,3,2
2990,16,1,3,2
2991,267,50,3,2
2992,267,50,3,2
2993,268,6,3,2
2994,268,6,3,2
2995,269,10,3,2
2996,269,10,3,2
2997,236,100,3,2
2998,236,100,3,2
2999,237,50,3,2
3000,237,50,3,2
3001,235,200,3,2
3002,235,200,3,2
3003,240,100000,10,2
3004,240,100000,10,2
3005,270,50,3,2
3006,270,50,3,2
3007,271,50,3,2
3008,271,50,3,2
3009,272,250,3,2
3010,272,250,3,2
3011,86,1,2,1
3012,86,1,2,1
3013,273,5000,10,2
3014,273,5000,10,2
3015,274,1000,10,2
3016,274,1000,10,2
3017,275,100,10,2
3018,275,100,10,2
3019,276,5,3,2
3020,276,5,3,2
3021,277,50,3,2
3021,278,20,3,2
3021,279,100,3,2
3021,280,25,3,2
3021,281,50,12,2
3022,277,50,3,2
3022,278,20,3,2
3022,279,100,3,2
3022,280,25,3,2
3022,281,50,12,2
3023,282,500,3,2
3024,282,500,3,2
3025,283,5,3,2
3026,283,5,3,2
3027,284,1,3,2
3028,284,1,3,2
3029,277,100,3,2
3030,277,100,3,2
3031,26,5,3,2
3032,26,5,3,2
3033,229,50,3,2
3034,229,50,3,2
3035,230,100,3,2
3036,230,100,3,2
3037,285,10,3,2
3038,285,10,3,2
3039,286,50,3,2
3040,286,50,3,2
3041,287,5,3,2
3042,287,5,3,2
3043,19,2,3,2
3044,19,2,3,2
3045,241,100,3,2
3046,241,100,3,2
3047,288,10,10,2
3048,288,10,10,2
3049,248,3300,3,2
3050,248,3300,3,2
3051,289,10,3,2
3052,289,10,3,2
3053,246,20,3,2
3054,246,20,3,2
3055,290,150,3,2
3056,290,150,3,2
3057,291,150,3,2
3058,291,150,3,2
3059,292,500,3,2
3060,292,500,3,2
3061,293,1000000000,10,2
3062,293,1000000000,10,2
3063,295,50,3,2
3063,296,50,3,2
3063,297,50,3,2
3064,295,50,3,2
3064,296,50,3,2
3064,297,50,3,2
3065,76,100,3,2
3066,76,100,3,2
3067,254,100,3,2
3068,254,100,3,2
3069,255,500,3,2
3069,256,125,3,2
3070,255,500,3,2
3070,256,125,3,2
3071,257,250,3,2
3072,257,250,3,2
3073,258,1000,3,2
3074,258,1000,3,2
3075,206,80,3,2
3075,148,400,3,2
3076,206,80,3,2
3076,148,400,3,2
3077,211,125,3,2
3078,211,125,3,2
3079,259,500,3,2
3080,259,500,3,2
3081,203,50,3,2
3082,203,50,3,2
3083,205,250,3,2
3084,205,250,3,2
3085,260,50,3,2
3086,260,50,3,2
3087,261,200,3,2
3088,261,200,3,2
3089,262,100,3,2
3090,262,100,3,2
3091,263,500,3,2
3092,263,500,3,2
3093,264,100,3,2
3094,264,100,3,2
3095,265,100,3,2
3096,265,100,3,2
3097,1,222,3,2
3098,1,222,3,2
3099,64,1,3,2
3100,64,1,3,2
3101,212,50,3,2
3102,212,50,3,2
3103,27,250,3,2
3104,27,250,3,2
3105,266,75,3,2
3106,266,75,3,2
3107,213,200,3,2
3108,213,200,3,2
3109,16,1,3,2
3110,16,1,3,2
3111,267,50,3,2
3112,267,50,3,2
3113,268,6,3,2
3114,268,6,3,2
3115,269,10,3,2
3116,269,10,3,2
3117,236,100,3,2
3118,236,100,3,2
3119,237,50,3,2
3120,237,50,3,2
3121,235,200,3,2
3122,235,200,3,2
3123,240,100000,10,2
3124,240,100000,10,2
3125,270,50,3,2
3126,270,50,3,2
3127,271,50,3,2
3128,271,50,3,2
3129,272,250,3,2
3130,272,250,3,2
3131,86,1,2,1
3132,86,1,2,1
3133,273,5000,10,2
3134,273,5000,10,2
3135,274,1000,10,2
3136,274,1000,10,2
3137,275,100,10,2
3138,275,100,10,2
3139,276,5,3,2
3140,276,5,3,2
3141,277,50,3,2
3141,278,20,3,2
3141,279,100,3,2
3141,280,25,3,2
3141,281,50,12,2
3142,277,50,3,2
3142,278,20,3,2
3142,279,100,3,2
3142,280,25,3,2
3142,281,50,12,2
3143,282,500,3,2
3144,282,500,3,2
3145,283,5,3,2
3146,283,5,3,2
3147,284,1,3,2
3148,284,1,3,2
3149,277,100,3,2
3150,277,100,3,2
3151,26,5,3,2
3152,26,5,3,2
3153,229,50,3,2
3154,229,50,3,2
3155,230,100,3,2
3156,230,100,3,2
3157,285,10,3,2
3158,285,10,3,2
3159,286,50,3,2
3160,286,50,3,2
3161,287,5,3,2
3162,287,5,3,2
3163,19,2,3,2
3164,19,2,3,2
3165,241,100,3,2
3166,241,100,3,2
3167,288,10,10,2
3168,288,10,10,2
3169,248,3300,3,2
3170,248,3300,3,2
3171,289,10,3,2
3172,289,10,3,2
3173,246,20,3,2
3174,246,20,3,2
3175,290,150,3,2
3176,290,150,3,2
3177,291,150,3,2
3178,291,150,3,2
3179,292,500,3,2
3180,292,500,3,2
3181,293,1000000000,10,2
3182,293,1000000000,10,2
3183,295,50,3,2
3183,296,50,3,2
3183,297,50,3,2
3184,295,50,3,2
3184,296,50,3,2
3184,297,50,3,2
3185,76,100,3,2
3186,76,100,3,2
3187,254,100,3,2
3188,254,100,3,2
3189,255,500,3,2
3189,256,125,3,2
3190,255,500,3,2
3190,256,125,3,2
3191,257,250,3,2
3192,257,250,3,2
3193,258,1000,3,2
3194,258,1000,3,2
3195,206,80,3,2
3195,148,400,3,2
3196,206,80,3,2
3196,148,400,3,2
3197,211,125,3,2
3198,211,125,3,2
3199,259,500,3,2
3200,259,500,3,2
3201,203,50,3,2
3202,203,50,3,2
3203,205,250,3,2
3204,205,250,3,2
3205,260,50,3,2
3206,260,50,3,2
3207,261,200,3,2
3208,261,200,3,2
3209,262,100,3,2
3210,262,100,3,2
3211,263,500,3,2
3212,263,500,3,2
3213,264,100,3,2
3214,264,100,3,2
3215,265,100,3,2
3216,265,100,3,2
3217,1,222,3,2
3218,1,222,3,2
3219,64,1,3,2
3220,64,1,3,2
3221,212,50,3,2
3222,212,50,3,2
3223,27,250,3,2
3224,27,250,3,2
3225,266,75,3,2
3226,266,75,3,2
3227,213,200,3,2
3228,213,200,3,2
3229,16,1,3,2
3230,16,1,3,2
3231,267,50,3,2
3232,267,50,3,2
3233,268,6,3,2
3234,268,6,3,2
3235,269,10,3,2
3236,269,10,3,2
3237,236,100,3,2
3238,236,100,3,2
3239,237,50,3,2
3240,237,50,3,2
3241,235,200,3,2
3242,235,200,3,2
3243,240,100000,10,2
3244,240,100000,10,2
3245,270,50,3,2
3246,270,50,3,2
3247,271,50,3,2
3248,271,50,3,2
3249,272,250,3,2
3250,272,250,3,2
3251,86,1,2,1
3252,86,1,2,1
3253,273,5000,10,2
3254,273,5000,10,2
3255,274,1000,10,2
3256,274,1000,10,2
3257,275,100,10,2
3258,275,100,10,2
3259,276,5,3,2
3260,276,5,3,2
3261,277,50,3,2
3261,278,20,3,2
3261,279,100,3,2
3261,280,25,3,2
3261,281,50,12,2
3262,277,50,3,2
3262,278,20,3,2
3262,279,100,3,2
3262,280,25,3,2
3262,281,50,12,2
3263,282,500,3,2
3264,282,500,3,2
3265,283,5,3,2
3266,283,5,3,2
3267,284,1,3,2
3268,284,1,3,2
3269,277,100,3,2
3270,277,100,3,2
3271,26,5,3,2
3272,26,5,3,2
3273,229,50,3,2
3274,229,50,3,2
3275,230,100,3,2
3276,230,100,3,2
3277,285,10,3,2
3278,285,10,3,2
3279,286,50,3,2
3280,286,50,3,2
3281,287,5,3,2
3282,287,5,3,2
3283,19,2,3,2
3284,19,2,3,2
3285,241,100,3,2
3286,241,100,3,2
3287,288,10,10,2
3288,288,10,10,2
3289,248,3300,3,2
3290,248,3300,3,2
3291,289,10,3,2
3292,289,10,3,2
