id_presXmed,id_pres,cantidad,id_UM,id_med,id_forma
1,1,100,5,1,2
2,1,100,5,2,2
3,2,50,6,1,3
4,2,50,6,2,3
5,2,50,7,1,1
6,2,50,7,2,1
7,2,10,8,3,4
8,2,10,8,4,4
9,1,50,1,5,5
10,1,50,1,6,5
11,3,0.4,2,7,6
12,3,0.4,2,8,6
13,3,1,2,7,6
14,3,1,2,8,6
15,3,2.5,2,7,6
16,3,2.5,2,8,6
17,3,4,2,7,6
18,3,4,2,8,6
19,3,0.4,2,9,6
20,3,0.4,2,10,6
21,3,1,2,9,6
22,3,1,2,10,6
23,3,2.5,2,9,6
24,3,2.5,2,10,6
25,3,4,2,9,6
26,3,4,2,10,6
27,3,0.4,2,11,6
28,3,0.4,2,12,6
29,3,1,2,11,6
30,3,1,2,12,6
31,3,2.5,2,11,6
32,3,2.5,2,12,6
33,3,4,2,11,6
34,3,4,2,12,6
35,1,20,2,13,2
36,1,20,2,14,2
37,2,10,4,15,7
38,2,10,4,16,7
39,1,10,2,17,8
40,1,10,2,18,8
41,1,10,2,19,9
42,1,10,2,20,9
43,1,10,2,21,5
44,1,10,2,22,5
45,1,60,2,23,2
46,1,60,2,24,2
47,1,120,2,25,10
48,1,120,2,26,10
49,2,10,4,27,7
50,2,10,4,28,7
51,1,100,2,29,5
52,1,100,2,30,5
53,1,100,2,31,5
54,1,100,2,32,5
55,1,20,2,33,4
56,1,20,2,34,4
57,1,10,2,35,2
58,1,10,2,36,2
59,1,25,2,35,2
60,1,25,2,36,2
61,1,50,2,35,2
62,1,50,2,36,2
63,1,250,2,35,2
64,1,250,2,36,2
65,1,25,2,37,5
66,1,25,2,38,5
67,1,50,2,37,5
68,1,50,2,38,5
69,1,250,2,37,5
70,1,250,2,38,5
71,1,50,2,39,12
72,1,50,2,40,12
73,2,10,4,41,7
74,2,10,4,42,7
75,1,25,2,43,5
76,1,25,2,44,5
77,1,25,2,45,5
78,1,25,2,46,5
79,1,250,2,47,5
80,1,250,2,48,5
81,1,25,2,49,5
82,1,25,2,50,5
83,1,50,2,51,5
84,1,50,2,52,5
85,1,10,2,53,14
86,1,10,2,54,14
87,1,100,2,55,4
88,1,100,2,56,4
89,5,100,2,57,6
90,5,100,2,58,6
91,1,100,2,59,4
92,1,100,2,60,4
93,1,50,2,61,5
94,1,50,2,62,5
95,2,10,4,63,7
96,2,10,4,64,7
97,1,10,2,65,2
98,1,10,2,66,2
99,1,20,2,67,5
100,1,20,2,68,5
101,1,20,2,69,9
102,1,20,2,70,9
103,1,20,2,71,4
104,1,20,2,72,4
105,5,20,2,73,15
106,5,20,2,74,15
107,1,25,2,75,8
108,1,25,2,76,8
109,1,25,2,77,8
110,1,25,2,78,8
111,1,250,2,79,8
112,1,250,2,80,8
113,1,25,2,81,8
114,1,25,2,82,8
115,1,50,2,83,8
116,1,50,2,84,8
117,2,10,4,85,7
118,2,10,4,86,7
119,1,100,2,87,4
120,1,100,2,88,4
121,5,100,2,89,6
122,5,100,2,90,6
123,1,100,2,91,4
124,1,100,2,92,4
125,1,20,2,93,18
126,1,20,2,94,18
127,1,20,2,95,6
128,1,20,2,96,6
129,1,50,2,97,2
130,1,50,2,98,2
131,10,100,2,99,17
132,10,100,2,100,17
133,1,50,2,101,19
134,1,50,2,102,19
135,2,10,4,103,23
136,2,10,4,104,23
137,1,500,2,105,10
138,1,500,2,106,10
139,1,500,2,107,10
140,1,500,2,108,10
141,2,10,4,109,7
142,2,10,4,110,7
143,1,20,2,111,2
144,1,20,2,112,2
145,2,10,4,113,7
146,2,10,4,114,7
147,1,20,2,115,5
148,1,20,2,116,5
149,1,20,2,117,5
150,1,20,2,118,5
151,1,20,2,119,15
152,1,20,2,120,15
153,11,100,2,121,20
154,11,100,2,122,20
155,3,100,2,123,3
156,3,100,2,124,3
157,1,20,2,125,5
158,1,20,2,126,5
159,1,50,2,127,19
160,1,50,2,128,19
161,4,100,2,129,17
162,4,100,2,130,17
163,10,100,2,131,17
164,10,100,2,132,17
165,11,100,2,133,20
166,11,100,2,134,20
167,9,100,2,135,15
168,9,100,2,136,15
169,1,20,2,137,5
170,1,20,2,138,5
171,1,20,2,139,5
172,1,20,2,140,5
173,1,20,2,141,5
174,1,20,2,142,5
175,2,10,4,143,7
176,2,10,4,144,7
177,1,20,2,145,5
178,1,20,2,146,5
179,1,20,2,147,5
180,1,20,2,148,5
181,1,20,2,149,5
182,1,20,2,150,5
183,1,20,2,151,5
184,1,20,2,152,5
185,1,20,2,153,5
186,1,20,2,154,5
187,1,20,2,155,5
188,1,20,2,156,5
189,1,20,2,157,5
190,1,20,2,158,5
191,1,20,2,159,5
192,1,20,2,160,5
193,1,20,2,161,5
194,1,20,2,162,5
195,1,20,2,163,5
196,1,20,2,164,5
197,1,20,2,165,8
198,1,20,2,166,8
199,1,20,2,167,8
200,1,20,2,168,8
201,1,20,2,169,8
202,1,20,2,170,8
203,2,10,4,171,7
204,2,10,4,172,7
205,2,10,4,173,7
206,2,10,4,174,7
207,2,10,4,175,7
208,2,10,4,176,7
209,2,10,4,177,7
210,2,10,4,178,7
211,2,10,4,179,7
212,2,10,4,180,7
213,2,10,4,181,7
214,2,10,4,182,7
215,2,10,4,183,7
216,2,10,4,184,7
217,2,10,4,185,7
218,2,10,4,186,7
219,2,10,4,187,7
220,2,10,4,188,7
221,2,10,4,189,7
222,2,10,4,190,7
223,2,10,4,191,7
224,2,10,4,192,7
225,1,20,2,193,10
226,1,20,2,194,10
227,1,20,2,195,5
228,1,20,2,196,5
229,2,10,4,197,7
230,2,10,4,198,7
231,2,10,4,199,7
232,2,10,4,200,7
233,1,20,2,201,5
234,1,20,2,202,5
235,2,10,4,203,7
236,2,10,4,204,7
237,2,10,4,205,7
238,2,10,4,206,7
239,2,10,4,207,7
240,2,10,4,208,7
241,1,20,2,209,5
242,1,20,2,210,5
243,2,20,4,211,7
244,2,20,4,212,7
245,2,10,4,213,7
246,2,10,4,214,7
247,2,10,4,215,7
248,2,10,4,216,7
249,1,20,2,217,2
250,1,20,2,218,2
251,1,20,2,219,5
252,1,20,2,220,5
253,1,20,2,221,5
254,1,20,2,222,5
255,1,20,2,223,5
256,1,20,2,224,5
257,2,10,4,225,7
258,2,10,4,226,7
259,2,10,4,227,7
260,2,10,4,228,7
261,2,10,4,229,7
262,2,10,4,230,7
263,2,10,4,231,7
264,2,10,4,232,7
265,2,10,4,233,7
266,2,10,4,234,7
267,2,10,4,235,7
268,2,10,4,236,7
269,2,10,4,237,7
270,2,10,4,238,7
271,2,10,4,239,7
272,2,10,4,240,7
273,1,20,2,241,5
274,1,20,2,242,5
275,1,20,2,243,17
276,1,20,2,244,17
277,1,20,2,245,15
278,1,20,2,246,15
279,2,10,4,247,7
280,2,10,4,248,7
281,2,10,4,249,7
282,2,10,4,250,7
283,2,10,4,251,7
284,2,10,4,252,7
285,1,20,2,253,2
286,1,20,2,254,2
287,1,20,2,255,5
288,1,20,2,256,5
289,2,10,4,257,7
290,2,10,4,258,7
291,2,10,4,259,7
292,2,10,4,260,7
293,2,10,4,261,7
294,2,10,4,262,7
295,1,20,2,263,25
296,1,20,2,264,25
297,1,20,2,265,30
298,1,20,2,266,30
299,2,10,4,267,7
300,2,10,4,268,7
301,2,10,4,269,7
302,2,10,4,270,7
303,2,10,4,271,7
304,2,10,4,272,7
305,1,20,2,273,15
306,1,20,2,274,15
307,1,20,2,275,5
308,1,20,2,276,5
309,1,20,2,277,17
310,1,20,2,278,17
311,1,20,2,279,15
312,1,20,2,280,15
313,2,10,4,281,7
314,2,10,4,282,7
315,2,10,4,283,7
316,2,10,4,284,7
317,2,10,4,285,7
318,2,10,4,286,7
319,1,20,2,287,5
320,1,20,2,288,5
321,2,10,4,289,7
322,2,10,4,290,7
323,2,10,4,291,7
324,2,10,4,292,7
325,2,10,4,293,7
326,2,10,4,294,7
327,1,20,2,295,5
328,1,20,2,296,5
329,2,10,4,297,7
330,2,10,4,298,7
331,2,10,4,299,7
332,2,10,4,300,7
333,2,10,4,301,7
334,2,10,4,302,7
335,2,10,4,303,7
336,2,10,4,304,7
337,1,20,2,305,9
338,1,20,2,306,9
339,1,20,2,307,5
340,1,20,2,308,5
341,2,10,4,309,7
342,2,10,4,310,7
343,2,10,4,311,7
344,2,10,4,312,7
345,2,10,4,313,7
346,2,10,4,314,7
347,1,20,2,315,5
348,1,20,2,316,5
349,2,10,4,317,7
350,2,10,4,318,7
351,1,20,2,319,5
352,1,20,2,320,5
353,2,10,4,321,7
354,2,10,4,322,7
355,1,20,2,323,5
356,1,20,2,324,5
357,2,10,4,325,7
358,2,10,4,326,7
359,1,20,2,327,5
360,1,20,2,328,5
361,2,10,4,329,7
362,2,10,4,330,7
363,1,20,2,331,5
364,1,20,2,332,5
365,1,20,2,333,9
366,1,20,2,334,9
367,1,20,2,335,15
368,1,20,2,336,15
369,2,10,4,337,7
370,2,10,4,338,7
371,1,20,2,339,5
372,1,20,2,340,5
373,2,10,4,341,7
374,2,10,4,342,7
375,2,10,4,343,7
376,2,10,4,344,7
377,2,10,4,345,7
378,2,10,4,346,7
379,2,10,4,347,7
380,2,10,4,348,7
381,1,20,2,349,5
382,1,20,2,350,5
383,1,20,2,351,9
384,1,20,2,352,9
385,2,10,4,353,7
386,2,10,4,354,7
387,1,20,2,355,5
388,1,20,2,356,5
389,2,10,4,357,7
390,2,10,4,358,7
391,1,20,2,359,17
392,1,20,2,360,17
393,1,20,2,361,20
394,1,20,2,362,20
395,1,20,2,363,5
396,1,20,2,364,5
397,1,20,2,365,12
398,1,20,2,366,12
399,1,20,2,367,12
400,1,20,2,368,12
401,1,20,2,369,5
402,1,20,2,370,5
403,1,20,2,371,16
404,1,20,2,372,16
405,1,20,2,373,5
406,1,20,2,374,5
407,1,20,2,375,5
408,1,20,2,376,5
409,2,10,4,377,7
410,2,10,4,378,7
411,1,20,2,379,30
412,1,20,2,380,30
413,2,10,4,381,7
414,2,10,4,382,7
415,1,20,2,383,5
416,1,20,2,384,5
417,1,20,2,385,5
418,1,20,2,386,5
419,1,20,2,387,5
420,1,20,2,388,5
421,2,10,4,389,7
422,2,10,4,390,7
423,2,20,4,391,7
424,2,20,4,392,7
425,1,20,2,393,5
426,1,20,2,394,5
427,1,20,2,395,5
428,1,20,2,396,5
429,2,10,4,397,7
430,2,10,4,398,7
431,2,10,4,399,7
432,2,10,4,400,7
433,2,10,4,401,7
434,2,10,4,402,7
435,2,10,4,403,7
436,2,10,4,404,7
437,1,20,2,405,2
438,1,20,2,406,2
439,1,20,2,407,2
440,1,20,2,408,2
441,2,10,4,409,7
442,2,10,4,410,7
443,1,20,2,411,2
444,1,20,2,412,2
445,1,20,2,413,2
446,1,20,2,414,2
447,1,20,2,415,2
448,1,20,2,416,2
449,1,20,2,417,20
450,1,20,2,418,20
451,2,10,4,419,7
452,2,10,4,420,7
453,1,20,2,421,6
454,1,20,2,422,6
455,2,10,4,423,7
456,2,10,4,424,7
457,1,20,2,425,5
458,1,20,2,426,5
459,1,20,2,427,5
460,1,20,2,428,5
461,2,10,4,429,7
462,2,10,4,430,7
463,1,20,2,431,2
464,1,20,2,432,2
465,1,20,2,433,9
466,1,20,2,434,9
467,1,20,2,435,2
468,1,20,2,436,2
469,1,20,2,437,2
470,1,20,2,438,2
471,2,10,4,439,7
472,2,10,4,440,7
473,2,10,4,441,7
474,2,10,4,442,7
475,2,10,4,443,7
476,2,10,4,444,7
477,1,20,2,445,2
478,1,20,2,446,2
479,1,20,2,447,5
480,1,20,2,448,5
481,2,10,4,449,7
482,2,10,4,450,7
483,1,20,2,451,5
484,1,20,2,452,5
485,2,10,4,453,7
486,2,10,4,454,7
487,2,10,4,455,7
488,2,10,4,456,7
489,1,20,2,457,15
490,1,20,2,458,15
491,1,20,2,459,15
492,1,20,2,460,15
493,1,20,2,461,15
494,1,20,2,462,15
495,1,20,2,463,21
496,1,20,2,464,21
497,1,20,2,465,15
498,1,20,2,466,15
499,1,20,2,467,15
500,1,20,2,468,15
501,2,10,4,469,7
502,2,10,4,470,7
503,1,20,2,471,5
504,1,20,2,472,5
505,1,20,2,473,5
506,1,20,2,474,5
507,1,20,2,475,5
508,1,20,2,476,5
509,1,20,2,477,5
510,1,20,2,478,5
511,2,10,4,479,7
512,2,10,4,480,7
513,1,20,2,481,5
514,1,20,2,482,5
515,1,20,2,483,5
516,1,20,2,484,5
517,2,10,4,485,7
518,2,10,4,486,7
519,2,10,4,487,7
520,2,10,4,488,7
521,1,20,2,489,33
522,1,20,2,490,33
523,1,20,2,491,5
524,1,20,2,492,5
525,2,10,4,493,7
526,2,10,4,494,7
527,1,20,2,495,17
528,1,20,2,496,17
529,1,20,2,497,15
530,1,20,2,498,15
531,2,10,4,499,7
532,2,10,4,500,7
533,2,10,4,501,7
534,2,10,4,502,7
535,1,20,2,503,15
536,1,20,2,504,15
537,1,20,2,505,15
538,1,20,2,506,15
539,2,10,4,507,7
540,2,10,4,508,7
541,2,10,4,509,7
542,2,10,4,510,7
543,2,10,4,511,7
544,2,10,4,512,7
545,2,10,4,513,7
546,2,10,4,514,7
547,2,10,4,515,7
548,2,10,4,516,7
549,2,10,4,517,7
550,2,10,4,518,7
551,2,10,4,519,7
552,2,10,4,520,7
553,2,10,4,521,7
554,2,10,4,522,7
555,2,10,4,523,7
556,2,10,4,524,7
557,2,10,4,525,7
558,2,10,4,526,7
559,2,10,4,527,7
560,2,10,4,528,7
561,2,10,4,529,7
562,2,10,4,530,7
563,1,20,2,531,6
564,1,20,2,532,6
565,1,20,2,533,2
566,1,20,2,534,2
567,1,20,2,535,2
568,1,20,2,536,2
569,2,10,4,537,7
570,2,10,4,538,7
571,1,20,2,539,5
572,1,20,2,540,5
573,2,10,4,541,7
574,2,10,4,542,7
575,1,20,2,543,5
576,1,20,2,544,5
577,1,20,2,545,5
578,1,20,2,546,5
579,1,20,2,547,5
580,1,20,2,548,5
581,1,20,2,549,9
582,1,20,2,550,9
583,2,10,4,551,7
584,2,10,4,552,7
585,1,20,2,553,5
586,1,20,2,554,5
587,1,20,2,555,5
588,1,20,2,556,5
589,1,20,2,557,5
590,1,20,2,558,5
591,1,20,2,559,6
592,1,20,2,560,6
593,1,20,2,561,6
594,1,20,2,562,6
595,2,10,4,563,7
596,2,10,4,564,7
597,2,10,4,565,7
598,2,10,4,566,7
599,2,10,4,567,7
600,2,10,4,568,7
601,1,20,2,569,6
602,1,20,2,570,6
603,2,10,4,571,7
604,2,10,4,572,7
605,1,20,2,573,5
606,1,20,2,574,5
607,1,20,2,575,5
608,1,20,2,576,5
609,1,20,2,577,5
610,1,20,2,578,5
611,1,20,2,579,5
612,1,20,2,580,5
613,1,20,2,581,5
614,1,20,2,582,5
615,1,20,2,583,2
616,1,20,2,584,2
617,1,20,2,585,2
618,1,20,2,586,2
619,1,20,2,587,6
620,1,20,2,588,6
621,1,20,2,589,2
622,1,20,2,590,2
623,1,20,2,591,5
624,1,20,2,592,5
625,2,10,4,593,7
626,2,10,4,594,7
627,1,20,2,595,2
628,1,20,2,596,2
629,2,10,4,597,7
630,2,10,4,598,7
631,1,20,2,599,5
632,1,20,2,600,5
633,1,20,2,601,5
634,1,20,2,602,5
635,1,20,2,603,5
636,1,20,2,604,5
637,2,10,4,605,7
638,2,10,4,606,7
639,2,10,4,607,7
640,2,10,4,608,7
641,2,10,4,609,7
642,2,10,4,610,7
643,1,20,2,611,5
644,1,20,2,612,5
645,1,20,2,613,5
646,1,20,2,614,5
647,1,20,2,615,9
648,1,20,2,616,9
649,1,20,2,617,9
650,1,20,2,618,9
651,1,20,2,619,9
652,1,20,2,620,9
653,2,10,4,621,7
654,2,10,4,622,7
655,2,10,4,623,7
656,2,10,4,624,7
657,1,20,2,625,17
658,1,20,2,626,17
659,1,20,2,627,17
660,1,20,2,628,17
661,1,20,2,629,17
662,1,20,2,630,17
663,1,20,2,631,5
664,1,20,2,632,5
665,2,10,4,633,7
666,2,10,4,634,7
667,1,20,2,635,5
668,1,20,2,636,5
669,1,20,2,637,15
670,1,20,2,638,15
671,2,10,4,639,7
672,2,10,4,640,7
673,2,10,4,641,7
674,2,10,4,642,7
675,2,10,4,643,7
676,2,10,4,644,7
677,2,10,4,645,7
678,2,10,4,646,7
679,2,10,4,647,7
680,2,10,4,648,7
681,2,10,4,649,7
682,2,10,4,650,7
683,1,20,2,651,2
684,1,20,2,652,2
685,2,10,4,653,7
686,2,10,4,654,7
687,2,10,4,655,7
688,2,10,4,656,7
689,2,10,4,657,7
690,2,10,4,658,7
691,1,20,2,659,2
692,1,20,2,660,2
693,3,0.4,2,661,3
694,3,0.4,2,662,3
695,1,20,2,663,5
696,1,20,2,664,5
697,1,20,2,665,2
698,1,20,2,666,2
699,2,10,4,667,7
700,2,10,4,668,7
701,2,10,4,669,7
702,2,10,4,670,7
703,1,20,2,671,20
704,1,20,2,672,20
705,2,10,4,673,7
706,2,10,4,674,7
707,1,20,2,675,6
708,1,20,2,676,6
709,2,10,4,677,7
710,2,10,4,678,7
711,1,20,2,679,2
712,1,20,2,680,2
713,2,10,4,681,7
714,2,10,4,682,7
715,1,20,2,683,6
716,1,20,2,684,6
717,2,10,4,685,7
718,2,10,4,686,7
719,2,10,4,687,7
720,2,10,4,688,7
721,1,20,2,689,5
722,1,20,2,690,5
723,1,20,2,691,5
724,1,20,2,692,5
725,2,10,4,693,7
726,2,10,4,694,7
727,2,10,4,695,7
728,2,10,4,696,7
729,1,20,2,697,2
730,1,20,2,698,2
731,1,20,2,699,2
732,1,20,2,700,2
733,1,20,2,701,2
734,1,20,2,702,2
735,2,10,4,703,7
736,2,10,4,704,7
737,1,20,2,705,5
738,1,20,2,706,5
739,1,20,2,707,2
740,1,20,2,708,2
741,1,20,2,709,6
742,1,20,2,710,6
743,2,10,4,711,7
744,2,10,4,712,7
745,1,20,2,713,5
746,1,20,2,714,5
747,1,20,2,715,2
748,1,20,2,716,2
749,2,10,4,717,7
750,2,10,4,718,7
751,2,10,4,719,7
752,2,10,4,720,7
753,2,10,4,721,7
754,2,10,4,722,7
755,1,20,2,723,5
756,1,20,2,724,5
757,1,20,2,725,5
758,1,20,2,726,5
759,2,10,4,727,7
760,2,10,4,728,7
761,1,20,2,729,5
762,1,20,2,730,5
763,1,20,2,731,9
764,1,20,2,732,9
765,1,20,2,733,29
766,1,20,2,734,29
767,1,20,2,735,15
768,1,20,2,736,15
769,1,20,2,737,3
770,1,20,2,738,3
771,2,10,4,739,7
772,2,10,4,740,7
773,2,10,4,741,7
774,2,10,4,742,7
775,1,20,2,743,5
776,1,20,2,744,5
777,1,20,2,745,5
778,1,20,2,746,5
779,1,20,2,747,2
780,1,20,2,748,2
781,2,10,4,749,7
782,2,10,4,750,7
783,2,10,4,751,7
784,2,10,4,752,7
785,2,10,4,753,7
786,2,10,4,754,7
787,2,10,4,755,7
788,2,10,4,756,7
789,1,20,2,757,24
790,1,20,2,758,24
791,2,10,4,759,7
792,2,10,4,760,7
793,1,20,2,761,5
794,1,20,2,762,5
795,2,10,4,763,3
796,2,10,4,764,3
797,1,20,2,765,9
798,1,20,2,766,9
799,1,20,2,767,9
800,1,20,2,768,9
801,1,20,2,769,9
802,1,20,2,770,9
803,1,20,2,771,5
804,1,20,2,772,5
805,2,10,4,773,7
806,2,10,4,774,7
807,2,10,4,775,7
808,2,10,4,776,7
809,2,10,4,777,7
810,2,10,4,778,7
811,1,20,2,779,9
812,1,20,2,780,9
813,1,5,2,781,9
814,1,5,2,782,9
815,2,10,4,783,7
816,2,10,4,784,7
817,1,20,2,785,29
818,1,20,2,786,29
819,2,10,4,787,7
820,2,10,4,788,7
821,2,10,4,789,7
822,2,10,4,790,7
823,1,20,2,791,5
824,1,20,2,792,5
825,1,20,2,793,5
826,1,20,2,794,5
827,1,60,2,795,2
828,1,60,2,796,2
829,2,10,4,797,7
830,2,10,4,798,7
831,2,2,4,799,7
832,2,2,4,800,7
833,2,2,4,801,7
834,2,2,4,802,7
835,2,2,4,803,7
836,2,2,4,804,7
837,2,2,4,805,7
838,2,2,4,806,7
839,1,60,2,807,2
840,1,60,2,808,2
841,2,10,4,809,7
842,2,10,4,810,7
843,2,10,4,811,7
844,2,10,4,812,7
845,1,60,2,813,2
846,1,60,2,814,2
847,1,60,2,815,2
848,1,60,2,816,2
849,2,10,4,817,7
850,2,10,4,818,7
851,1,20,2,819,5
852,1,20,2,820,5
853,1,20,2,821,5
854,1,20,2,822,5
855,1,60,2,823,10
856,1,60,2,824,10
857,1,60,2,825,10
858,1,60,2,826,10
859,1,60,2,827,24
860,1,60,2,828,24
861,2,10,4,829,7
862,2,10,4,830,7
863,1,20,2,831,5
864,1,20,2,832,5
865,1,20,2,833,5
866,1,20,2,834,5
867,1,20,2,835,5
868,1,20,2,836,5
869,1,20,2,837,5
870,1,20,2,838,5
871,1,20,2,839,5
872,1,20,2,840,5
873,1,20,2,841,5
874,1,20,2,842,5
875,1,20,2,843,5
876,1,20,2,844,5
877,1,20,2,845,5
878,1,20,2,846,5
879,1,20,2,847,5
880,1,20,2,848,5
881,2,10,4,849,7
882,2,10,4,850,7
883,1,20,2,851,5
884,1,20,2,852,5
885,2,10,4,853,7
886,2,10,4,854,7
887,1,20,2,855,5
888,1,20,2,856,5
889,1,20,2,857,5
890,1,20,2,858,5
891,1,20,2,859,5
892,1,20,2,860,5
893,1,250,2,861,5
894,1,250,2,862,5
895,1,250,2,863,5
896,1,250,2,864,5
897,1,250,2,865,5
898,1,250,2,866,5
899,1,5,2,867,8
900,1,5,2,868,8
901,1,250,2,869,5
902,1,250,2,870,5
903,1,250,2,871,5
904,1,250,2,872,5
905,1,250,2,873,5
906,1,250,2,874,5
907,1,5,2,875,2
908,1,5,2,876,2
909,2,0.4,4,877,7
910,2,0.4,4,878,7
911,2,0.4,4,879,7
912,2,0.4,4,880,7
913,1,100,2,881,4
914,1,100,2,882,4
915,1,250,2,883,5
916,1,250,2,884,5
917,1,100,2,885,4
918,1,100,2,886,4
919,1,100,2,887,4
920,1,100,2,888,4
921,1,100,2,889,4
922,1,100,2,890,4
923,1,100,2,891,4
924,1,100,2,892,4
925,1,100,2,893,4
926,1,100,2,894,4
927,1,100,2,895,4
928,1,100,2,896,4
929,1,100,2,897,4
930,1,100,2,898,4
931,1,100,2,899,4
932,1,100,2,900,4
933,2,10,4,901,7
934,2,10,4,902,7
935,2,10,4,903,7
936,2,10,4,904,7
937,1,120,2,905,8
938,1,120,2,906,8
939,1,120,2,907,5
940,1,120,2,908,5
941,1,120,2,909,8
942,1,120,2,910,8
943,2,10,4,911,7
944,2,10,4,912,7
945,1,10,2,913,24
946,1,10,2,914,24
947,1,10,2,915,5
948,1,10,2,916,5
949,1,10,2,917,5
950,1,10,2,918,5
951,1,120,2,919,6
952,1,120,2,920,6
953,1,120,2,921,6
954,1,120,2,922,6
955,1,120,2,923,6
956,1,120,2,924,6
957,1,120,2,925,6
958,1,120,2,926,6
959,1,120,2,927,6
960,1,120,2,928,6
961,1,120,2,929,6
962,1,120,2,930,6
963,1,120,2,931,6
964,1,120,2,932,6
965,1,120,2,933,6
966,1,120,2,934,6
967,1,120,2,935,6
968,1,120,2,936,6
969,1,120,2,937,6
970,1,120,2,938,6
971,1,120,2,939,6
972,1,120,2,940,6
973,1,120,2,941,6
974,1,120,2,942,6
975,1,120,2,943,6
976,1,120,2,944,6
977,1,120,2,945,6
978,1,120,2,946,6
979,1,120,2,947,6
980,1,120,2,948,6
981,1,120,2,949,6
982,1,120,2,950,6
983,1,120,2,951,6
984,1,120,2,952,6
985,1,120,2,953,6
986,1,120,2,954,6
987,1,120,2,955,6
988,1,120,2,956,6
989,1,120,2,957,6
990,1,120,2,958,6
991,1,120,2,959,6
992,1,120,2,960,6
993,1,120,2,961,6
994,1,120,2,962,6
995,1,120,2,963,6
996,1,120,2,964,6
997,1,120,2,965,6
998,1,120,2,966,6
999,1,120,2,967,6
1000,1,120,2,968,6
1001,1,120,2,969,6
1002,1,120,2,970,6
1003,1,120,2,971,6
1004,1,120,2,972,6
1005,1,120,2,973,6
1006,1,120,2,974,6
1007,1,120,2,975,6
1008,1,120,2,976,6
1009,1,120,2,977,6
1010,1,120,2,978,6
1011,1,120,2,979,6
1012,1,120,2,980,6
1013,1,100,2,981,5
1014,1,100,2,982,5
1015,2,45,1,983,33
1016,2,45,1,984,33
1017,1,60,2,985,2
1018,1,60,2,986,2
1019,2,10,4,987,7
1020,2,10,4,988,7
1021,1,250,2,989,20
1022,1,250,2,990,20
1023,1,250,2,991,20
1024,1,250,2,992,20
1025,1,500,2,993,16
1026,1,500,2,994,16
1027,1,500,2,995,6
1028,1,500,2,996,6
1029,1,250,2,997,20
1030,1,250,2,998,20
1031,1,250,2,999,20
1032,1,250,2,1000,20
1033,2,60,2,1001,20
1034,2,60,2,1002,20
1035,1,50,2,1003,16
1036,1,50,2,1004,16
1037,2,60,4,1005,7
1038,2,60,4,1006,7
1039,1,100,2,1007,5
1040,1,100,2,1008,5
1041,1,100,2,1009,5
1042,1,100,2,1010,5
1043,1,100,2,1011,5
1044,1,100,2,1012,5
1045,1,60,2,1013,2
1046,1,60,2,1014,2
1047,1,100,2,1015,5
1048,1,100,2,1016,5
1049,2,40,1,1017,30
1050,2,40,1,1018,30
1051,1,100,1,1019,3
1052,1,100,1,1020,3
1053,1,10,2,1021,9
1054,1,10,2,1022,9
1055,4,80,1,1023,17
1056,4,80,1,1024,17
1057,1,200,2,1025,20
1058,1,200,2,1026,20
1059,1,100,3,1027,5
1060,1,100,3,1028,5
1061,1,100,2,1029,16
1062,1,100,2,1030,16
1063,1,60,2,1031,2
1064,1,60,2,1032,2
1065,1,2.2,2,1033,2
1066,1,2.2,2,1034,2
1067,1,100,2,1033,2
1068,1,100,2,1034,2
1069,1,0,2,1035,20
1070,1,0,2,1036,20
1071,2,2.2,10,1037,3
1072,2,2.2,10,1038,3
1073,2,2.2,10,1039,3
1074,2,2.2,10,1040,3
1075,7,25,11,1041,3
1076,7,25,11,1042,3
1077,2,10,4,1043,7
1078,2,10,4,1044,7
1079,1,100,4,1045,7
1080,1,100,4,1046,7
1081,1,60,2,1047,16
1082,1,60,2,1048,16
1083,1,10,2,1049,5
1084,1,10,2,1050,5
1085,1,10,2,1051,5
1086,1,10,2,1052,5
1087,6,200,1,1053,18
1088,6,200,1,1054,18
1089,1,2.5,10,1055,8
1090,1,2.5,10,1056,8
1091,1,5,10,1055,8
1092,1,5,10,1056,8
1093,6,225,1,1057,18
1094,6,225,1,1058,18
1095,6,60,1,1059,18
1096,6,60,1,1060,18
1097,6,125,1,1059,18
1098,6,125,1,1060,18
1099,6,250,1,1059,18
1100,6,250,1,1060,18
1101,8,60,1,1059,18
1102,8,60,1,1060,18
1103,1,20,2,1061,5
1104,1,20,2,1062,5
1105,1,250,2,1061,5
1106,1,250,2,1062,5
1107,1,10,2,1063,5
1108,1,10,2,1064,5
1109,2,10,8,1065,5
1110,2,10,8,1066,5
1111,2,10,8,1067,5
1112,2,10,8,1068,5
1113,6,250,1,1069,18
1114,6,250,1,1070,18
1115,1,100,1,1071,18
1116,1,100,1,1072,18
1117,1,2.2,1,1071,18
1118,1,2.2,1,1072,18
1119,1,30,2,1073,2
1120,1,30,2,1074,2
1121,1,50,2,1075,2
1122,1,50,2,1076,2
1123,1,50,4,1077,7
1124,1,50,4,1078,7
1125,1,100,4,1079,7
1126,1,100,4,1080,7
1127,5,100,2,1081,6
1128,5,100,2,1082,6
1129,5,100,2,1083,6
1130,5,100,2,1084,6
1131,5,120,2,1085,16
1132,5,120,2,1086,16
1133,5,800,1,1087,34
1134,5,800,1,1088,34
1135,5,500,1,1087,34
1136,5,500,1,1088,34
1137,1,4,2,1089,4
1138,1,4,2,1090,4
1139,1,100,2,1089,4
1140,1,100,2,1090,4
1141,1,100,4,1091,11
1142,1,100,4,1092,11
1143,1,100,4,1093,32
1144,1,100,4,1094,32
1145,1,250,2,1095,2
1146,1,250,2,1096,2
1147,9,77,2,1097,35
1148,9,77,2,1098,35
1149,4,100,1,1099,17
1150,4,100,1,1100,17
1151,1,100,2,1101,29
1152,1,100,2,1102,29
1153,1,100,2,1103,20
1154,1,100,2,1104,20
1155,2,N/E,2,1105,5
1156,2,N/E,2,1106,5
1157,2,N/E,2,1105,5
1158,2,N/E,2,1106,5
1159,2,N/E,2,1105,5
1160,2,N/E,2,1106,5
1161,2,N/E,2,1105,5
1162,2,N/E,2,1106,5
1163,2,N/E,2,1105,5
1164,2,N/E,2,1106,5
1165,2,N/E,2,1105,5
1166,2,N/E,2,1106,5
1167,1,100,2,1107,5
1168,1,100,2,1108,5
1169,1,100,2,1109,6
1170,1,100,2,1110,6
1171,1,10,2,1109,6
1172,1,10,2,1110,6
1173,1,100,2,1111,5
1174,1,100,2,1112,5
1175,1,50,2,1111,5
1176,1,50,2,1112,5
1177,1,100,2,1111,5
1178,1,100,2,1112,5
1179,1,100,2,1113,5
1180,1,100,2,1114,5
1181,1,100,2,1113,5
1182,1,100,2,1114,5
1183,1,50,2,1113,5
1184,1,50,2,1114,5
1185,1,100,4,1115,5
1186,1,100,4,1116,5
1187,2,100,8,1115,5
1188,2,100,8,1116,5
1189,1,20,4,1117,5
1190,1,20,4,1118,5
1191,1,25,1,1119,24
1192,1,25,1,1120,24
1193,1,100,2,1121,5
1194,1,100,2,1122,5
1195,1,500,2,1121,5
1196,1,500,2,1122,5
1197,1,30,2,1123,5
1198,1,30,2,1124,5
1199,1,100,2,1123,5
1200,1,100,2,1124,5
1201,1,10,2,1125,5
1202,1,10,2,1126,5
1203,1,50,2,1125,5
1204,1,50,2,1126,5
1205,1,10,2,1127,5
1206,1,10,2,1128,5
1207,1,20,2,1127,5
1208,1,20,2,1128,5
1209,1,60,2,1127,5
1210,1,60,2,1128,5
1211,1,100,2,1127,5
1212,1,100,2,1128,5
1213,1,250,2,1127,5
1214,1,250,2,1128,5
1215,1,500,2,1127,5
1216,1,500,2,1128,5
1217,1,250,2,1129,35
1218,1,250,2,1130,35
1219,1,100,5,1129,35
1220,1,100,5,1130,35
1221,2,10,14,1131,5
1222,2,10,14,1132,5
1223,2,250,15,1131,5
1224,2,250,15,1132,5
1225,2,100,3,1131,5
1226,2,100,3,1132,5
1227,1,100,2,1131,5
1228,1,100,2,1132,5
1229,1,10,4,1133,7
1230,1,10,4,1134,7
1231,1,50,4,1133,7
1232,1,50,4,1134,7
1233,1,10,3,1135,36
1234,1,10,3,1136,36
1235,1,20,2,1137,37
1236,1,20,2,1138,37
1237,1,60,4,1139,7
1238,1,60,4,1140,7
1239,1,20,2,1141,5
1240,1,20,2,1142,5
1241,1,20,2,1143,5
1242,1,20,2,1144,5
1243,1,10,2,1145,5
1244,1,10,2,1146,5
1245,1,20,2,1145,5
1246,1,20,2,1146,5
1247,1,50,2,1145,5
1248,1,50,2,1146,5
1249,1,10,2,1147,16
1250,1,10,2,1148,16
1251,1,80,2,1147,16
1252,1,80,2,1148,16
1253,5,120,2,1149,6
1254,5,120,2,1150,6
1255,1,50,2,1151,5
1256,1,50,2,1152,5
1257,1,20,2,1153,5
1258,1,20,2,1154,5
1259,6,25,10,1155,3
1260,6,25,10,1156,3
1261,6,500,10,1155,3
1262,6,500,10,1156,3
1263,6,25,10,1157,3
1264,6,25,10,1158,3
1265,3,1,2,1159,16
1266,3,1,2,1160,16
1267,3,2,2,1159,16
1268,3,2,2,1160,16
1269,3,1,2,1161,16
1270,3,1,2,1162,16
1271,3,2,2,1161,16
1272,3,2,2,1162,16
1273,1,30,2,1163,22
1274,1,30,2,1164,22
1275,1,30,2,1165,21
1276,1,30,2,1166,21
1277,1,10,2,1167,26
1278,1,10,2,1168,26
1279,1,10,2,1169,26
1280,1,10,2,1170,26
1281,1,100,2,1171,2
1282,1,100,2,1172,2
1283,1,100000,2,1171,2
1284,1,100000,2,1172,2
1285,1,10,2,1173,38
1286,2,100,2,1174,39
1287,3,60,4,1175,40
1288,4,5,1,1176,41
1289,5,50,1,1177,42
1290,1,10,2,1178,43
1291,2,60,4,1179,44
1292,3,50,1,1180,45
1293,4,50,2,1181,46
1294,5,250,2,1182,47
1295,1,120,2,1183,48
1296,2,10,1,1184,49
1297,3,10,2,1185,38
1298,4,150,2,1186,39
1299,5,60,4,1187,40
1300,1,5,1,1188,41
1301,2,50,1,1189,42
1302,3,10,2,1190,43
1303,4,60,4,1191,44
1304,5,50,1,1192,45
1305,1,50,2,1193,46
1306,2,250,2,1194,47
1307,3,120,2,1195,48
1308,4,10,1,1196,49
1309,5,10,2,1197,38
1310,1,60,2,1198,39
1311,2,60,4,1199,40
1312,3,5,1,1200,41
1313,4,50,1,1201,42
1314,5,10,2,1202,43
1315,1,60,4,1203,44
1316,2,50,1,1204,45
1317,3,50,2,1205,46
1318,4,250,2,1206,47
1319,5,120,2,1207,48
1320,1,10,1,1208,49
1321,2,10,2,1209,38
1322,3,120,2,1210,39
1323,4,60,4,1211,40
1324,5,5,1,1212,41
1325,1,50,1,1213,42
1326,2,10,2,1214,43
1327,3,60,4,1215,44
1328,4,50,1,1216,45
1329,5,50,2,1217,46
1330,1,250,2,1218,47
1331,2,120,2,1219,48
1332,3,10,1,1220,49
1333,4,10,2,1221,38
1334,5,30,2,1222,39
1335,1,60,4,1223,40
1336,2,5,1,1224,41
1337,3,50,1,1225,42
1338,4,10,2,1226,43
1339,5,60,4,1227,44
1340,1,50,1,1228,45
1341,2,50,2,1229,46
1342,3,250,2,1230,47
1343,4,120,2,1231,48
1344,5,10,1,1232,49
1345,1,10,2,1233,38
1346,2,100,2,1234,39
1347,3,60,4,1235,40
1348,4,5,1,1236,41
1349,5,50,1,1237,42
1350,1,10,2,1238,43
1351,2,60,4,1239,44
1352,3,50,1,1240,45
1353,4,50,2,1241,46
1354,5,250,2,1242,47
1355,1,120,2,1243,48
1356,2,10,1,1244,49
1357,3,10,2,1245,38
1358,4,150,2,1246,39
1359,5,60,4,1247,40
1360,1,5,1,1248,41
1361,2,50,1,1249,42
1362,3,10,2,1250,43
1363,4,60,4,1251,44
1364,5,50,1,1252,45
1365,1,50,2,1253,46
1366,2,250,2,1254,47
1367,3,120,2,1255,48
1368,4,10,1,1256,49
1369,5,10,2,1257,38
1370,1,60,2,1258,39
1371,2,60,4,1259,40
1372,3,5,1,1260,41
1373,4,50,1,1261,42
1374,5,10,2,1262,43
1375,1,60,4,1263,44
1376,2,50,1,1264,45
1377,3,50,2,1265,46
1378,4,250,2,1266,47
1379,5,120,2,1267,48
1380,1,10,1,1268,49
1381,2,10,2,1269,38
1382,3,120,2,1270,39
1383,4,60,4,1271,40
1384,5,5,1,1272,41
1385,1,50,1,1273,42
1386,2,10,2,1274,43
1387,3,60,4,1275,44
1388,4,50,1,1276,45
1389,5,50,2,1277,46
1390,1,250,2,1278,47
1391,2,120,2,1279,48
1392,3,10,1,1280,49
1393,4,10,2,1281,38
1394,5,30,2,1282,39
1395,1,60,4,1283,40
1396,2,5,1,1284,41
1397,3,50,1,1285,42
1398,4,10,2,1286,43
1399,5,60,4,1287,44
1400,1,50,1,1288,45
1401,2,50,2,1289,46
1402,3,250,2,1290,47
1403,4,120,2,1291,48
1404,5,10,1,1292,49
1405,1,10,2,1293,38
1406,2,100,2,1294,39
1407,3,60,4,1295,40
1408,4,5,1,1296,41
1409,5,50,1,1297,42
1410,1,10,2,1298,43
1411,2,60,4,1299,44
1412,3,50,1,1300,45
1413,4,50,2,1301,46
1414,5,250,2,1302,47
1415,1,120,2,1303,48
1416,2,10,1,1304,49
1417,3,10,2,1305,38
1418,4,150,2,1306,39
1419,5,60,4,1307,40
1420,1,5,1,1308,41
1421,2,50,1,1309,42
1422,3,10,2,1310,43
1423,4,60,4,1311,44
1424,5,50,1,1312,45
1425,1,50,2,1313,46
1426,2,250,2,1314,47
1427,3,120,2,1315,48
1428,4,10,1,1316,49
1429,5,10,2,1317,38
1430,1,60,2,1318,39
1431,2,60,4,1319,40
1432,3,5,1,1320,41
1433,4,50,1,1321,42
1434,5,10,2,1322,43
1435,1,60,4,1323,44
1436,2,50,1,1324,45
1437,3,50,2,1325,46
1438,4,250,2,1326,47
1439,5,120,2,1327,48
1440,1,10,1,1328,49
1441,2,10,2,1329,38
1442,3,120,2,1330,39
1443,4,60,4,1331,40
1444,5,5,1,1332,41
1445,1,50,1,1333,42
1446,2,10,2,1334,43
1447,3,60,4,1335,44
1448,4,50,1,1336,45
1449,5,50,2,1337,46
1450,1,250,2,1338,47
1451,2,120,2,1339,48
1452,3,10,1,1340,49
1453,4,10,2,1341,38
1454,5,30,2,1342,39
1455,1,60,4,1343,40
1456,2,5,1,1344,41
1457,3,50,1,1345,42
1458,4,10,2,1346,43
1459,5,60,4,1347,44
1460,1,50,1,1348,45
1461,2,50,2,1349,46
1462,3,250,2,1350,47
1463,4,120,2,1351,48
1464,5,10,1,1352,49
1465,1,10,2,1353,38
1466,2,100,2,1354,39
1467,3,60,4,1355,40
1468,4,5,1,1356,41
1469,5,50,1,1357,42
1470,1,10,2,1358,43
1471,2,60,4,1359,44
1472,3,50,1,1360,45
1473,4,50,2,1361,46
1474,5,250,2,1362,47
1475,1,120,2,1363,48
1476,2,10,1,1364,49
1477,3,10,2,1365,38
1478,4,150,2,1366,39
1479,5,60,4,1367,40
1480,1,5,1,1368,41
1481,2,50,1,1369,42
1482,3,10,2,1370,43
1483,4,60,4,1371,44
1484,5,50,1,1372,45
1485,1,50,2,1373,46
1486,2,250,2,1374,47
1487,3,120,2,1375,48
1488,4,10,1,1376,49
1489,5,10,2,1377,38
1490,1,60,2,1378,39
1491,2,60,4,1379,40
1492,3,5,1,1380,41
1493,4,50,1,1381,42
1494,5,10,2,1382,43
1495,1,60,4,1383,44
1496,2,50,1,1384,45
1497,3,50,2,1385,46
1498,4,250,2,1386,47
1499,5,120,2,1387,48
1500,1,10,1,1388,49
1501,2,10,2,1389,38
1502,3,120,2,1390,39
1503,4,60,4,1391,40
1504,5,5,1,1392,41
1505,1,50,1,1393,42
1506,2,10,2,1394,43
1507,3,60,4,1395,44
1508,4,50,1,1396,45
1509,5,50,2,1397,46
1510,1,250,2,1398,47
1511,2,120,2,1399,48
1512,3,10,1,1400,49
1513,4,10,2,1401,38
1514,5,30,2,1402,39
1515,1,60,4,1403,40
1516,2,5,1,1404,41
1517,3,50,1,1405,42
1518,4,10,2,1406,43
1519,5,60,4,1407,44
1520,1,50,1,1408,45
1521,2,50,2,1409,46
1522,3,250,2,1410,47
1523,4,120,2,1411,48
1524,5,10,1,1412,49
1525,1,10,2,1413,38
1526,2,100,2,1414,39
1527,3,60,4,1415,40
1528,4,5,1,1416,41
1529,5,50,1,1417,42
1530,1,10,2,1418,43
1531,2,60,4,1419,44
1532,3,50,1,1420,45
1533,4,50,2,1421,46
1534,5,250,2,1422,47
1535,1,120,2,1423,48
1536,2,10,1,1424,49
1537,3,10,2,1425,38
1538,4,150,2,1426,39
1539,5,60,4,1427,40
1540,1,5,1,1428,41
1541,2,50,1,1429,42
1542,3,10,2,1430,43
1543,4,60,4,1431,44
1544,5,50,1,1432,45
1545,1,50,2,1433,46
1546,2,250,2,1434,47
1547,3,120,2,1435,48
1548,4,10,1,1436,49
1549,5,10,2,1437,38
1550,1,60,2,1438,39
1551,2,60,4,1439,40
1552,3,5,1,1440,41
1553,4,50,1,1441,42
1554,5,10,2,1442,43
1555,1,60,4,1443,44
1556,2,50,1,1444,45
1557,3,50,2,1445,46
1558,4,250,2,1446,47
1559,5,120,2,1447,48
1560,1,10,1,1448,49
1561,2,10,2,1449,38
1562,3,120,2,1450,39
1563,4,60,4,1451,40
1564,5,5,1,1452,41
1565,1,50,1,1453,42
1566,2,10,2,1454,43
1567,3,60,4,1455,44
1568,4,50,1,1456,45
1569,5,50,2,1457,46
1570,1,250,2,1458,47
1571,2,120,2,1459,48
1572,3,10,1,1460,49
1573,4,10,2,1461,38
1574,5,30,2,1462,39
1575,1,60,4,1463,40
1576,2,5,1,1464,41
1577,3,50,1,1465,42
1578,4,10,2,1466,43
1579,5,60,4,1467,44
1580,1,50,1,1468,45
1581,2,50,2,1469,46
1582,3,250,2,1470,47
1583,4,120,2,1471,48
1584,5,10,1,1472,49
1585,1,10,2,1473,38
1586,2,100,2,1474,39
1587,3,60,4,1475,40
1588,4,5,1,1476,41
1589,5,50,1,1477,42
1590,1,10,2,1478,43
1591,2,60,4,1479,44
1592,3,50,1,1480,45
1593,4,50,2,1481,46
1594,5,250,2,1482,47
1595,1,120,2,1483,48
1596,2,10,1,1484,49
1597,3,10,2,1485,38
1598,4,150,2,1486,39
1599,5,60,4,1487,40
1600,1,5,1,1488,41
1601,2,50,1,1489,42
1602,3,10,2,1490,43
1603,4,60,4,1491,44
1604,5,50,1,1492,45
1605,1,50,2,1493,46
1606,2,250,2,1494,47
1607,3,120,2,1495,48
1608,4,10,1,1496,49
1609,5,10,2,1497,38
1610,1,60,2,1498,39
1611,2,60,4,1499,40
1612,3,5,1,1500,41
1613,4,50,1,1501,42
1614,5,10,2,1502,43
1615,1,60,4,1503,44
1616,2,50,1,1504,45
1617,3,50,2,1505,46
1618,4,250,2,1506,47
1619,5,120,2,1507,48
1620,1,10,1,1508,49
1621,2,10,2,1509,38
1622,3,120,2,1510,39
1623,4,60,4,1511,40
1624,5,5,1,1512,41
1625,1,50,1,1513,42
1626,2,10,2,1514,43
1627,3,60,4,1515,44
1628,4,50,1,1516,45
1629,5,50,2,1517,46
1630,1,250,2,1518,47
1631,2,120,2,1519,48
1632,3,10,1,1520,49
1633,4,10,2,1521,38
1634,5,30,2,1522,39
1635,1,60,4,1523,40
1636,2,5,1,1524,41
1637,3,50,1,1525,42
1638,4,10,2,1526,43
1639,5,60,4,1527,44
1640,1,50,1,1528,45
1641,2,50,2,1529,46
1642,3,250,2,1530,47
1643,4,120,2,1531,48
1644,5,10,1,1532,49
1645,1,10,2,1533,38
1646,2,100,2,1534,39
1647,3,60,4,1535,40
1648,4,5,1,1536,41
1649,5,50,1,1537,42
1650,1,10,2,1538,43
1651,2,60,4,1539,44
1652,3,50,1,1540,45
1653,4,50,2,1541,46
1654,5,250,2,1542,47
1655,1,120,2,1543,48
1656,2,10,1,1544,49
1657,3,10,2,1545,38
1658,4,150,2,1546,39
1659,5,60,4,1547,40
1660,1,5,1,1548,41
1661,2,50,1,1549,42
1662,3,10,2,1550,43
1663,4,60,4,1551,44
1664,5,50,1,1552,45
1665,1,50,2,1553,46
1666,2,250,2,1554,47
1667,3,120,2,1555,48
1668,4,10,1,1556,49
1669,5,10,2,1557,38
1670,1,60,2,1558,39
1671,2,60,4,1559,40
1672,3,5,1,1560,41
1673,4,50,1,1561,42
1674,5,10,2,1562,43
1675,1,60,4,1563,44
1676,2,50,1,1564,45
1677,3,50,2,1565,46
1678,4,250,2,1566,47
1679,5,120,2,1567,48
1680,1,10,1,1568,49
1681,2,10,2,1569,38
1682,3,120,2,1570,39
1683,4,60,4,1571,40
1684,5,5,1,1572,41
1685,1,50,1,1573,42
1686,2,10,2,1574,43
1687,3,60,4,1575,44
1688,4,50,1,1576,45
1689,5,50,2,1577,46
1690,1,250,2,1578,47
1691,2,120,2,1579,48
1692,3,10,1,1580,49
1693,4,10,2,1581,38
1694,5,30,2,1582,39
1695,1,60,4,1583,40
1696,2,5,1,1584,41
1697,3,50,1,1585,42
1698,4,10,2,1586,43
1699,5,60,4,1587,44
1700,1,50,1,1588,45
1701,2,50,2,1589,46
1702,3,250,2,1590,47
1703,4,120,2,1591,48
1704,5,10,1,1592,49
1705,1,10,2,1593,38
1706,2,100,2,1594,39
1707,3,60,4,1595,40
1708,4,5,1,1596,41
1709,5,50,1,1597,42
1710,1,10,2,1598,43
1711,2,60,4,1599,44
1712,3,50,1,1600,45
1713,4,50,2,1601,46
1714,5,250,2,1602,47
1715,1,120,2,1603,48
1716,2,10,1,1604,49
1717,3,10,2,1605,38
1718,4,150,2,1606,39
1719,5,60,4,1607,40
1720,1,5,1,1608,41
1721,2,50,1,1609,42
1722,3,10,2,1610,43
1723,4,60,4,1611,44
1724,5,50,1,1612,45
1725,1,50,2,1613,46
1726,2,250,2,1614,47
1727,3,120,2,1615,48
1728,4,10,1,1616,49
1729,5,10,2,1617,38
1730,1,60,2,1618,39
1731,2,60,4,1619,40
1732,3,5,1,1620,41
1733,4,50,1,1621,42
1734,5,10,2,1622,43
1735,1,60,4,1623,44
1736,2,50,1,1624,45
1737,3,50,2,1625,46
1738,4,250,2,1626,47
1739,5,120,2,1627,48
1740,1,10,1,1628,49
1741,2,10,2,1629,38
1742,3,120,2,1630,39
1743,4,60,4,1631,40
1744,5,5,1,1632,41
1745,1,50,1,1633,42
1746,2,10,2,1634,43
1747,3,60,4,1635,44
1748,4,50,1,1636,45
1749,5,50,2,1637,46
1750,1,250,2,1638,47
1751,2,120,2,1639,48
1752,3,10,1,1640,49
1753,4,10,2,1641,38
1754,5,30,2,1642,39
1755,1,60,4,1643,40
1756,2,5,1,1644,41
1757,3,50,1,1645,42
1758,4,10,2,1646,43
1759,5,60,4,1647,44
1760,1,50,1,1648,45
1761,2,50,2,1649,46
1762,3,250,2,1650,47
1763,4,120,2,1651,48
1764,5,10,1,1652,49
1765,1,10,2,1653,38
1766,2,100,2,1654,39
1767,3,60,4,1655,40
1768,4,5,1,1656,41
1769,5,50,1,1657,42
1770,1,10,2,1658,43
1771,2,60,4,1659,44
1772,3,50,1,1660,45
1773,4,50,2,1661,46
1774,5,250,2,1662,47
1775,1,120,2,1663,48
1776,2,10,1,1664,49
1777,3,10,2,1665,38
1778,4,150,2,1666,39
1779,5,60,4,1667,40
1780,1,5,1,1668,41
1781,2,50,1,1669,42
1782,3,10,2,1670,43
1783,4,60,4,1671,44
1784,5,50,1,1672,45
1785,1,50,2,1673,46
1786,2,250,2,1674,47
1787,3,120,2,1675,48
1788,4,10,1,1676,49
1789,5,10,2,1677,38
1790,1,60,2,1678,39
1791,2,60,4,1679,40
1792,3,5,1,1680,41
1793,4,50,1,1681,42
1794,5,10,2,1682,43
1795,1,60,4,1683,44
1796,2,50,1,1684,45
1797,3,50,2,1685,46
1798,4,250,2,1686,47
1799,5,120,2,1687,48
1800,1,10,1,1688,49
1801,2,10,2,1689,38
1802,3,120,2,1690,39
1803,4,60,4,1691,40
1804,5,5,1,1692,41
1805,1,50,1,1693,42
1806,2,10,2,1694,43
1807,3,60,4,1695,44
1808,4,50,1,1696,45
1809,5,50,2,1697,46
1810,1,250,2,1698,47
1811,2,120,2,1699,48
1812,3,10,1,1700,49
1813,4,10,2,1701,38
1814,5,30,2,1702,39
1815,1,60,4,1703,40
1816,2,5,1,1704,41
1817,3,50,1,1705,42
1818,4,10,2,1706,43
1819,5,60,4,1707,44
1820,1,50,1,1708,45
1821,2,50,2,1709,46
1822,3,250,2,1710,47
1823,4,120,2,1711,48
1824,5,10,1,1712,49
1825,1,10,2,1713,38
1826,2,100,2,1714,39
1827,3,60,4,1715,40
1828,4,5,1,1716,41
1829,5,50,1,1717,42
1830,1,10,2,1718,43
1831,2,60,4,1719,44
1832,3,50,1,1720,45
1833,4,50,2,1721,46
1834,5,250,2,1722,47
1835,1,120,2,1723,48
1836,2,10,1,1724,49
1837,3,10,2,1725,38
1838,4,150,2,1726,39
1839,5,60,4,1727,40
1840,1,5,1,1728,41
1841,2,50,1,1729,42
1842,3,10,2,1730,43
1843,4,60,4,1731,44
1844,5,50,1,1732,45
1845,1,50,2,1733,46
1846,2,250,2,1734,47
1847,3,120,2,1735,48
1848,4,10,1,1736,49
1849,5,10,2,1737,38
1850,1,60,2,1738,39
1851,2,60,4,1739,40
1852,3,5,1,1740,41
1853,4,50,1,1741,42
1854,5,10,2,1742,43
1855,1,60,4,1743,44
1856,2,50,1,1744,45
1857,3,50,2,1745,46
1858,4,250,2,1746,47
1859,5,120,2,1747,48
1860,1,10,1,1748,49
1861,2,10,2,1749,38
1862,3,120,2,1750,39
1863,4,60,4,1751,40
1864,5,5,1,1752,41
1865,1,50,1,1753,42
1866,2,10,2,1754,43
1867,3,60,4,1755,44
1868,4,50,1,1756,45
1869,5,50,2,1757,46
1870,1,250,2,1758,47
1871,2,120,2,1759,48
1872,3,10,1,1760,49
1873,4,10,2,1761,38
1874,5,30,2,1762,39
1875,1,60,4,1763,40
1876,2,5,1,1764,41
1877,3,50,1,1765,42
1878,4,10,2,1766,43
1879,5,60,4,1767,44
1880,1,50,1,1768,45
1881,2,50,2,1769,46
1882,3,250,2,1770,47
1883,4,120,2,1771,48
1884,5,10,1,1772,49
1885,1,10,2,1773,38
1886,2,100,2,1774,39
1887,3,60,4,1775,40
1888,4,5,1,1776,41
1889,5,50,1,1777,42
1890,1,10,2,1778,43
1891,2,60,4,1779,44
1892,3,50,1,1780,45
1893,4,50,2,1781,46
1894,5,250,2,1782,47
1895,1,120,2,1783,48
1896,2,10,1,1784,49
1897,3,10,2,1785,38
1898,4,150,2,1786,39
1899,5,60,4,1787,40
1900,1,5,1,1788,41
1901,2,50,1,1789,42
1902,3,10,2,1790,43
1903,4,60,4,1791,44
1904,5,50,1,1792,45
1905,1,50,2,1793,46
1906,2,250,2,1794,47
1907,3,120,2,1795,48
1908,4,10,1,1796,49
1909,5,10,2,1797,38
1910,1,60,2,1798,39
1911,2,60,4,1799,40
1912,3,5,1,1800,41
1913,4,50,1,1801,42
1914,5,10,2,1802,43
1915,1,60,4,1803,44
1916,2,50,1,1804,45
1917,3,50,2,1805,46
1918,4,250,2,1806,47
1919,5,120,2,1807,48
1920,1,10,1,1808,49
1921,2,10,2,1809,38
1922,3,120,2,1810,39
1923,4,60,4,1811,40
1924,5,5,1,1812,41
1925,1,50,1,1813,42
1926,2,10,2,1814,43
1927,3,60,4,1815,44
1928,4,50,1,1816,45
1929,5,50,2,1817,46
1930,1,250,2,1818,47
1931,2,120,2,1819,48
1932,3,10,1,1820,49
1933,4,10,2,1821,38
1934,5,30,2,1822,39
1935,1,60,4,1823,40
1936,2,5,1,1824,41
1937,3,50,1,1825,42
1938,4,10,2,1826,43
1939,5,60,4,1827,44
1940,1,50,1,1828,45
1941,2,50,2,1829,46
1942,3,250,2,1830,47
1943,4,120,2,1831,48
1944,5,10,1,1832,49
1945,1,10,2,1833,38
1946,2,100,2,1834,39
1947,3,60,4,1835,40
1948,4,5,1,1836,41
1949,5,50,1,1837,42
1950,1,10,2,1838,43
1951,2,60,4,1839,44
1952,3,50,1,1840,45
1953,4,50,2,1841,46
1954,5,250,2,1842,47
1955,1,120,2,1843,48
1956,2,10,1,1844,49
1957,3,10,2,1845,38
1958,4,150,2,1846,39
1959,5,60,4,1847,40
1960,1,5,1,1848,41
1961,2,50,1,1849,42
1962,3,10,2,1850,43
1963,4,60,4,1851,44
1964,5,50,1,1852,45
1965,1,50,2,1853,46
1966,2,250,2,1854,47
1967,3,120,2,1855,48
1968,4,10,1,1856,49
1969,5,10,2,1857,38
1970,1,60,2,1858,39
1971,2,60,4,1859,40
1972,3,5,1,1860,41
1973,4,50,1,1861,42
1974,5,10,2,1862,43
1975,1,60,4,1863,44
1976,2,50,1,1864,45
1977,3,50,2,1865,46
1978,4,250,2,1866,47
1979,5,120,2,1867,48
1980,1,10,1,1868,49
1981,2,10,2,1869,38
1982,3,120,2,1870,39
1983,4,60,4,1871,40
1984,5,5,1,1872,41
1985,1,10,2,1873,38
1986,1,50,2,1873,38
1987,1,30,2,1874,39
1988,1,100,2,1874,39
1989,2,10,4,1875,40
1990,2,20,4,1875,40
1991,1,15,2,1876,39
1992,1,30,2,1876,39
1993,1,20,2,1877,38
1994,1,50,2,1877,38
1995,2,10,4,1878,40
1996,2,20,4,1878,40
1997,1,30,2,1879,39
1998,1,60,2,1879,39
1999,2,12,4,1880,40
2000,2,24,4,1880,40
2001,1,10,2,1881,38
2002,1,30,2,1881,38
2003,1,20,2,1882,38
2004,1,50,2,1882,38
2005,1,10,2,1883,38
2006,1,30,2,1883,38
2007,1,50,2,1884,39
2008,1,100,2,1884,39
2009,1,30,2,1885,38
2010,1,60,2,1885,38
2011,2,10,4,1886,40
2012,2,20,4,1886,40
2013,1,100,2,1887,41
2014,1,250,2,1887,41
2015,2,10,4,1888,40
2016,2,20,4,1888,40
2017,1,50,2,1889,39
2018,1,100,2,1889,39
2019,1,10,2,1890,38
2020,1,50,2,1890,38
2021,2,6,4,1891,40
2022,2,12,4,1891,40
2023,1,30,2,1892,39
2024,1,60,2,1892,39
2025,1,50,2,1893,39
2026,1,100,2,1893,39
2027,1,30,2,1894,39
2028,1,60,2,1894,39
2029,1,10,2,1895,38
2030,1,30,2,1895,38
2031,1,5,2,1896,39
2032,1,10,2,1896,39
2033,3,1,2,1897,43
2034,3,3,2,1897,43
2035,3,1,2,1898,43
2036,3,3,2,1898,43
2037,1,50,2,1899,39
2038,1,100,2,1899,39
2039,1,30,2,1900,39
2040,1,60,2,1900,39
2041,2,10,4,1901,40
2042,2,20,4,1901,40
2043,1,50,2,1902,39
2044,1,100,2,1902,39
2045,1,10,2,1903,38
2046,1,30,2,1903,38
2047,1,50,2,1904,39
2048,1,100,2,1904,39
2049,2,10,4,1905,40
2050,2,20,4,1905,40
2051,1,100,2,1906,39
2052,1,250,2,1906,39
2053,1,30,2,1907,43
2054,1,50,2,1907,43
2055,1,30,2,1908,38
2056,1,50,2,1908,38
2057,1,30,2,1909,39
2058,1,50,2,1909,39
2059,1,10,2,1910,38
2060,1,30,2,1910,38
2061,1,100,2,1911,39
2062,1,250,2,1911,39
2063,1,50,2,1912,41
2064,1,100,2,1912,41
2065,1,30,2,1913,39
2066,1,50,2,1913,39
2067,1,30,2,1914,39
2068,1,50,2,1914,39
2069,1,30,2,1915,38
2070,1,50,2,1915,38
2071,1,10,2,1916,38
2072,1,30,2,1916,38
2073,2,10,4,1917,40
2074,2,20,4,1917,40
2075,1,10,2,1918,38
2076,1,30,2,1918,38
2077,1,10,2,1919,38
2078,1,30,2,1919,38
2079,1,10,2,1920,38
2080,1,30,2,1920,38
2081,1,30,2,1921,39
2082,1,60,2,1921,39
2083,1,10,2,1922,38
2084,1,30,2,1922,38
2085,1,10,2,1923,38
2086,1,30,2,1923,38
2087,1,10,2,1924,38
2088,1,30,2,1924,38
2089,1,100,2,1925,39
2090,1,250,2,1925,39
2091,1,30,2,1926,39
2092,1,60,2,1926,39
2093,2,10,4,1927,40
2094,2,20,4,1927,40
2095,2,10,4,1928,40
2096,2,20,4,1928,40
2097,1,50,2,1929,39
2098,1,100,2,1929,39
2099,1,30,2,1930,39
2100,1,60,2,1930,39
2101,1,100,2,1931,41
2102,1,250,2,1931,41
2103,1,100,2,1932,41
2104,1,250,2,1932,41
2105,1,10,2,1933,38
2106,1,50,2,1933,38
2107,1,30,2,1934,39
2108,1,100,2,1934,39
2109,2,10,4,1935,40
2110,2,20,4,1935,40
2111,1,15,2,1936,39
2112,1,30,2,1936,39
2113,1,20,2,1937,38
2114,1,50,2,1937,38
2115,2,10,4,1938,40
2116,2,20,4,1938,40
2117,1,30,2,1939,39
2118,1,60,2,1939,39
2119,2,12,4,1940,40
2120,2,24,4,1940,40
2121,1,10,2,1941,38
2122,1,30,2,1941,38
2123,1,20,2,1942,38
2124,1,50,2,1942,38
2125,1,10,2,1943,38
2126,1,30,2,1943,38
2127,1,50,2,1944,39
2128,1,100,2,1944,39
2129,1,30,2,1945,38
2130,1,60,2,1945,38
2131,2,10,4,1946,40
2132,2,20,4,1946,40
2133,1,100,2,1947,41
2134,1,250,2,1947,41
2135,2,10,4,1948,40
2136,2,20,4,1948,40
2137,1,50,2,1949,39
2138,1,100,2,1949,39
2139,1,10,2,1950,38
2140,1,50,2,1950,38
2141,2,6,4,1951,40
2142,2,12,4,1951,40
2143,1,30,2,1952,39
2144,1,60,2,1952,39
2145,1,50,2,1953,39
2146,1,100,2,1953,39
2147,1,30,2,1954,39
2148,1,60,2,1954,39
2149,1,10,2,1955,38
2150,1,30,2,1955,38
2151,1,5,2,1956,39
2152,1,10,2,1956,39
2153,3,1,2,1957,43
2154,3,3,2,1957,43
2155,3,1,2,1958,43
2156,3,3,2,1958,43
2157,1,50,2,1959,39
2158,1,100,2,1959,39
2159,1,30,2,1960,39
2160,1,60,2,1960,39
2161,2,10,4,1961,40
2162,2,20,4,1961,40
2163,1,50,2,1962,39
2164,1,100,2,1962,39
2165,1,10,2,1963,38
2166,1,30,2,1963,38
2167,1,50,2,1964,39
2168,1,100,2,1964,39
2169,2,10,4,1965,40
2170,2,20,4,1965,40
2171,1,100,2,1966,39
2172,1,250,2,1966,39
2173,1,30,2,1967,43
2174,1,50,2,1967,43
2175,1,30,2,1968,38
2176,1,50,2,1968,38
2177,1,30,2,1969,39
2178,1,50,2,1969,39
2179,1,10,2,1970,38
2180,1,30,2,1970,38
2181,1,100,2,1971,39
2182,1,250,2,1971,39
2183,1,50,2,1972,41
2184,1,100,2,1972,41
2185,1,30,2,1973,39
2186,1,50,2,1973,39
2187,1,30,2,1974,39
2188,1,50,2,1974,39
2189,1,30,2,1975,38
2190,1,50,2,1975,38
2191,1,10,2,1976,38
2192,1,30,2,1976,38
2193,2,10,4,1977,40
2194,2,20,4,1977,40
2195,1,10,2,1978,38
2196,1,30,2,1978,38
2197,1,10,2,1979,38
2198,1,30,2,1979,38
2199,1,10,2,1980,38
2200,1,30,2,1980,38
2201,1,30,2,1981,39
2202,1,60,2,1981,39
2203,1,10,2,1982,38
2204,1,30,2,1982,38
2205,1,10,2,1983,38
2206,1,30,2,1983,38
2207,1,10,2,1984,38
2208,1,30,2,1984,38
2209,1,100,2,1985,39
2210,1,250,2,1985,39
2211,1,30,2,1986,39
2212,1,60,2,1986,39
2213,2,10,4,1987,40
2214,2,20,4,1987,40
2215,2,10,4,1988,40
2216,2,20,4,1988,40
2217,1,50,2,1989,39
2218,1,100,2,1989,39
2219,1,30,2,1990,39
2220,1,60,2,1990,39
2221,1,100,2,1991,41
2222,1,250,2,1991,41
2223,1,100,2,1992,41
2224,1,250,2,1992,41
2225,1,10,2,1993,38
2226,1,50,2,1993,38
2227,1,30,2,1994,39
2228,1,100,2,1994,39
2229,2,10,4,1995,40
2230,2,20,4,1995,40
2231,1,15,2,1996,39
2232,1,30,2,1996,39
2233,1,20,2,1997,38
2234,1,50,2,1997,38
2235,2,10,4,1998,40
2236,2,20,4,1998,40
2237,1,30,2,1999,39
2238,1,60,2,1999,39
2239,2,12,4,2000,40
2240,2,24,4,2000,40
2241,1,10,2,2001,38
2242,1,30,2,2001,38
2243,1,20,2,2002,38
2244,1,50,2,2002,38
2245,1,10,2,2003,38
2246,1,30,2,2003,38
2247,1,50,2,2004,39
2248,1,100,2,2004,39
2249,1,30,2,2005,38
2250,1,60,2,2005,38
2251,2,10,4,2006,40
2252,2,20,4,2006,40
2253,1,100,2,2007,41
2254,1,250,2,2007,41
2255,2,10,4,2008,40
2256,2,20,4,2008,40
2257,1,50,2,2009,39
2258,1,100,2,2009,39
2259,1,10,2,2010,38
2260,1,50,2,2010,38
2261,2,6,4,2011,40
2262,2,12,4,2011,40
2263,1,30,2,2012,39
2264,1,60,2,2012,39
2265,1,50,2,2013,39
2266,1,100,2,2013,39
2267,1,30,2,2014,39
2268,1,60,2,2014,39
2269,1,10,2,2015,38
2270,1,30,2,2015,38
2271,1,5,2,2016,39
2272,1,10,2,2016,39
2273,3,1,2,2017,43
2274,3,3,2,2017,43
2275,3,1,2,2018,43
2276,3,3,2,2018,43
2277,1,50,2,2019,39
2278,1,100,2,2019,39
2279,1,30,2,2020,39
2280,1,60,2,2020,39
2281,2,10,4,2021,40
2282,2,20,4,2021,40
2283,1,50,2,2022,39
2284,1,100,2,2022,39
2285,1,10,2,2023,38
2286,1,30,2,2023,38
2287,1,50,2,2024,39
2288,1,100,2,2024,39
2289,2,10,4,2025,40
2290,2,20,4,2025,40
2291,1,100,2,2026,39
2292,1,250,2,2026,39
2293,1,30,2,2027,43
2294,1,50,2,2027,43
2295,1,30,2,2028,38
2296,1,50,2,2028,38
2297,1,30,2,2029,39
2298,1,50,2,2029,39
2299,1,10,2,2030,38
2300,1,30,2,2030,38
2301,1,100,2,2031,39
2302,1,250,2,2031,39
2303,1,50,2,2032,41
2304,1,100,2,2032,41
2305,1,30,2,2033,39
2306,1,50,2,2033,39
2307,1,30,2,2034,39
2308,1,50,2,2034,39
2309,1,30,2,2035,38
2310,1,50,2,2035,38
2311,1,10,2,2036,38
2312,1,30,2,2036,38
2313,2,10,4,2037,40
2314,2,20,4,2037,40
2315,1,10,2,2038,38
2316,1,30,2,2038,38
2317,1,10,2,2039,38
2318,1,30,2,2039,38
2319,1,10,2,2040,38
2320,1,30,2,2040,38
2321,1,30,2,2041,39
2322,1,60,2,2041,39
2323,1,10,2,2042,38
2324,1,30,2,2042,38
2325,1,10,2,2043,38
2326,1,30,2,2043,38
2327,1,10,2,2044,38
2328,1,30,2,2044,38
2329,1,100,2,2045,39
2330,1,250,2,2045,39
2331,1,30,2,2046,39
2332,1,60,2,2046,39
2333,2,10,4,2047,40
2334,2,20,4,2047,40
2335,2,10,4,2048,40
2336,2,20,4,2048,40
2337,1,50,2,2049,39
2338,1,100,2,2049,39
2339,1,30,2,2050,39
2340,1,60,2,2050,39
2341,1,100,2,2051,41
2342,1,250,2,2051,41
2343,1,100,2,2052,41
2344,1,250,2,2052,41
2345,1,10,2,2053,38
2346,1,50,2,2053,38
2347,1,30,2,2054,39
2348,1,100,2,2054,39
2349,2,10,4,2055,40
2350,2,20,4,2055,40
2351,1,15,2,2056,39
2352,1,30,2,2056,39
2353,1,20,2,2057,38
2354,1,50,2,2057,38
2355,2,10,4,2058,40
2356,2,20,4,2058,40
2357,1,30,2,2059,39
2358,1,60,2,2059,39
2359,2,12,4,2060,40
2360,2,24,4,2060,40
2361,1,10,2,2061,38
2362,1,30,2,2061,38
2363,1,20,2,2062,38
2364,1,50,2,2062,38
2365,1,10,2,2063,38
2366,1,30,2,2063,38
2367,1,50,2,2064,39
2368,1,100,2,2064,39
2369,1,30,2,2065,38
2370,1,60,2,2065,38
2371,2,10,4,2066,40
2372,2,20,4,2066,40
2373,1,100,2,2067,41
2374,1,250,2,2067,41
2375,2,10,4,2068,40
2376,2,20,4,2068,40
2377,1,50,2,2069,39
2378,1,100,2,2069,39
2379,1,10,2,2070,38
2380,1,50,2,2070,38
2381,2,6,4,2071,40
2382,2,12,4,2071,40
2383,1,30,2,2072,39
2384,1,60,2,2072,39
2385,1,50,2,2073,39
2386,1,100,2,2073,39
2387,1,30,2,2074,39
2388,1,60,2,2074,39
2389,1,10,2,2075,38
2390,1,30,2,2075,38
2391,1,5,2,2076,39
2392,1,10,2,2076,39
2393,3,1,2,2077,43
2394,3,3,2,2077,43
2395,3,1,2,2078,43
2396,3,3,2,2078,43
2397,1,50,2,2079,39
2398,1,100,2,2079,39
2399,1,30,2,2080,39
2400,1,60,2,2080,39
2401,2,10,4,2081,40
2402,2,20,4,2081,40
2403,1,50,2,2082,39
2404,1,100,2,2082,39
2405,1,10,2,2083,38
2406,1,30,2,2083,38
2407,1,50,2,2084,39
2408,1,100,2,2084,39
2409,2,10,4,2085,40
2410,2,20,4,2085,40
2411,1,100,2,2086,39
2412,1,250,2,2086,39
2413,1,30,2,2087,43
2414,1,50,2,2087,43
2415,1,30,2,2088,38
2416,1,50,2,2088,38
2417,1,30,2,2089,39
2418,1,50,2,2089,39
2419,1,10,2,2090,38
2420,1,30,2,2090,38
2421,1,100,2,2091,39
2422,1,250,2,2091,39
2423,1,50,2,2092,41
2424,1,100,2,2092,41
2425,1,30,2,2093,39
2426,1,50,2,2093,39
2427,1,30,2,2094,39
2428,1,50,2,2094,39
2429,1,30,2,2095,38
2430,1,50,2,2095,38
2431,1,10,2,2096,38
2432,1,30,2,2096,38
2433,2,10,4,2097,40
2434,2,20,4,2097,40
2435,1,10,2,2098,38
2436,1,30,2,2098,38
2437,1,10,2,2099,38
2438,1,30,2,2099,38
2439,1,10,2,2100,38
2440,1,30,2,2100,38
2441,1,30,2,2101,39
2442,1,60,2,2101,39
2443,1,10,2,2102,38
2444,1,30,2,2102,38
2445,1,10,2,2103,38
2446,1,30,2,2103,38
2447,1,10,2,2104,38
2448,1,30,2,2104,38
2449,1,100,2,2105,39
2450,1,250,2,2105,39
2451,1,30,2,2106,39
2452,1,60,2,2106,39
2453,2,10,4,2107,40
2454,2,20,4,2107,40
2455,2,10,4,2108,40
2456,2,20,4,2108,40
2457,1,50,2,2109,39
2458,1,100,2,2109,39
2459,1,30,2,2110,39
2460,1,60,2,2110,39
2461,1,100,2,2111,41
2462,1,250,2,2111,41
2463,1,100,2,2112,41
2464,1,250,2,2112,41
2465,1,10,2,2113,38
2466,1,50,2,2113,38
2467,1,30,2,2114,39
2468,1,100,2,2114,39
2469,2,10,4,2115,40
2470,2,20,4,2115,40
2471,1,15,2,2116,39
2472,1,30,2,2116,39
2473,1,20,2,2117,38
2474,1,50,2,2117,38
2475,2,10,4,2118,40
2476,2,20,4,2118,40
2477,1,30,2,2119,39
2478,1,60,2,2119,39
2479,2,12,4,2120,40
2480,2,24,4,2120,40
2481,1,10,2,2121,38
2482,1,30,2,2121,38
2483,1,20,2,2122,38
2484,1,50,2,2122,38
2485,1,10,2,2123,38
2486,1,30,2,2123,38
2487,1,50,2,2124,39
2488,1,100,2,2124,39
2489,1,30,2,2125,38
2490,1,60,2,2125,38
2491,2,10,4,2126,40
2492,2,20,4,2126,40
2493,1,100,2,2127,41
2494,1,250,2,2127,41
2495,2,10,4,2128,40
2496,2,20,4,2128,40
2497,1,50,2,2129,39
2498,1,100,2,2129,39
2499,1,10,2,2130,38
2500,1,50,2,2130,38
2501,2,6,4,2131,40
2502,2,12,4,2131,40
2503,1,30,2,2132,39
2504,1,60,2,2132,39
2505,1,50,2,2133,39
2506,1,100,2,2133,39
2507,1,30,2,2134,39
2508,1,60,2,2134,39
2509,1,10,2,2135,38
2510,1,30,2,2135,38
2511,1,5,2,2136,39
2512,1,10,2,2136,39
2513,3,1,2,2137,43
2514,3,3,2,2137,43
2515,3,1,2,2138,43
2516,3,3,2,2138,43
2517,1,50,2,2139,39
2518,1,100,2,2139,39
2519,1,30,2,2140,39
2520,1,60,2,2140,39
2521,2,10,4,2141,40
2522,2,20,4,2141,40
2523,1,50,2,2142,39
2524,1,100,2,2142,39
2525,1,10,2,2143,38
2526,1,30,2,2143,38
2527,1,50,2,2144,39
2528,1,100,2,2144,39
2529,2,10,4,2145,40
2530,2,20,4,2145,40
2531,1,100,2,2146,39
2532,1,250,2,2146,39
2533,1,30,2,2147,43
2534,1,50,2,2147,43
2535,1,30,2,2148,38
2536,1,50,2,2148,38
2537,1,30,2,2149,39
2538,1,50,2,2149,39
2539,1,10,2,2150,38
2540,1,30,2,2150,38
2541,1,100,2,2151,39
2542,1,250,2,2151,39
2543,1,50,2,2152,41
2544,1,100,2,2152,41
2545,1,30,2,2153,39
2546,1,50,2,2153,39
2547,1,30,2,2154,39
2548,1,50,2,2154,39
2549,1,30,2,2155,38
2550,1,50,2,2155,38
2551,1,10,2,2156,38
2552,1,30,2,2156,38
2553,2,10,4,2157,40
2554,2,20,4,2157,40
2555,1,10,2,2158,38
2556,1,30,2,2158,38
2557,1,10,2,2159,38
2558,1,30,2,2159,38
2559,1,10,2,2160,38
2560,1,30,2,2160,38
2561,1,30,2,2161,39
2562,1,60,2,2161,39
2563,1,10,2,2162,38
2564,1,30,2,2162,38
2565,1,10,2,2163,38
2566,1,30,2,2163,38
2567,1,10,2,2164,38
2568,1,30,2,2164,38
2569,1,100,2,2165,39
2570,1,250,2,2165,39
2571,1,30,2,2166,39
2572,1,60,2,2166,39
2573,2,10,4,2167,40
2574,2,20,4,2167,40
2575,2,10,4,2168,40
2576,2,20,4,2168,40
2577,1,50,2,2169,39
2578,1,100,2,2169,39
2579,1,30,2,2170,39
2580,1,60,2,2170,39
2581,1,100,2,2171,41
2582,1,250,2,2171,41
2583,1,100,2,2172,41
2584,1,250,2,2172,41
2585,1,10,2,2173,38
2586,1,50,2,2173,38
2587,1,30,2,2174,39
2588,1,100,2,2174,39
2589,2,10,4,2175,40
2590,2,20,4,2175,40
2591,1,15,2,2176,39
2592,1,30,2,2176,39
2593,1,20,2,2177,38
2594,1,50,2,2177,38
2595,2,10,4,2178,40
2596,2,20,4,2178,40
2597,1,30,2,2179,39
2598,1,60,2,2179,39
2599,2,12,4,2180,40
2600,2,24,4,2180,40
2601,1,10,2,2181,38
2602,1,30,2,2181,38
2603,1,20,2,2182,38
2604,1,50,2,2182,38
2605,1,10,2,2183,38
2606,1,30,2,2183,38
2607,1,50,2,2184,39
2608,1,100,2,2184,39
2609,1,30,2,2185,38
2610,1,60,2,2185,38
2611,2,10,4,2186,40
2612,2,20,4,2186,40
2613,1,100,2,2187,41
2614,1,250,2,2187,41
2615,2,10,4,2188,40
2616,2,20,4,2188,40
2617,1,50,2,2189,39
2618,1,100,2,2189,39
2619,1,10,2,2190,38
2620,1,50,2,2190,38
2621,2,6,4,2191,40
2622,2,12,4,2191,40
2623,1,30,2,2192,39
2624,1,60,2,2192,39
2625,1,50,2,2193,39
2626,1,100,2,2193,39
2627,1,30,2,2194,39
2628,1,60,2,2194,39
2629,1,10,2,2195,38
2630,1,30,2,2195,38
2631,1,5,2,2196,39
2632,1,10,2,2196,39
2633,3,1,2,2197,43
2634,3,3,2,2197,43
2635,3,1,2,2198,43
2636,3,3,2,2198,43
2637,1,50,2,2199,39
2638,1,100,2,2199,39
2639,1,30,2,2200,39
2640,1,60,2,2200,39
2641,2,10,4,2201,40
2642,2,20,4,2201,40
2643,1,50,2,2202,39
2644,1,100,2,2202,39
2645,1,10,2,2203,38
2646,1,30,2,2203,38
2647,1,50,2,2204,39
2648,1,100,2,2204,39
2649,2,10,4,2205,40
2650,2,20,4,2205,40
2651,1,100,2,2206,39
2652,1,250,2,2206,39
2653,1,30,2,2207,43
2654,1,50,2,2207,43
2655,1,30,2,2208,38
2656,1,50,2,2208,38
2657,1,30,2,2209,39
2658,1,50,2,2209,39
2659,1,10,2,2210,38
2660,1,30,2,2210,38
2661,1,100,2,2211,39
2662,1,250,2,2211,39
2663,1,50,2,2212,41
2664,1,100,2,2212,41
2665,1,30,2,2213,39
2666,1,50,2,2213,39
2667,1,30,2,2214,39
2668,1,50,2,2214,39
2669,1,30,2,2215,38
2670,1,50,2,2215,38
2671,1,10,2,2216,38
2672,1,30,2,2216,38
2673,2,10,4,2217,40
2674,2,20,4,2217,40
2675,1,10,2,2218,38
2676,1,30,2,2218,38
2677,1,10,2,2219,38
2678,1,30,2,2219,38
2679,1,10,2,2220,38
2680,1,30,2,2220,38
2681,1,30,2,2221,39
2682,1,60,2,2221,39
2683,1,10,2,2222,38
2684,1,30,2,2222,38
2685,1,10,2,2223,38
2686,1,30,2,2223,38
2687,1,10,2,2224,38
2688,1,30,2,2224,38
2689,1,100,2,2225,39
2690,1,250,2,2225,39
2691,1,30,2,2226,39
2692,1,60,2,2226,39
2693,2,10,4,2227,40
2694,2,20,4,2227,40
2695,2,10,4,2228,40
2696,2,20,4,2228,40
2697,1,50,2,2229,39
2698,1,100,2,2229,39
2699,1,30,2,2230,39
2700,1,60,2,2230,39
2701,1,100,2,2231,41
2702,1,250,2,2231,41
2703,1,100,2,2232,41
2704,1,250,2,2232,41
2705,1,10,2,2233,38
2706,1,50,2,2233,38
2707,1,30,2,2234,39
2708,1,100,2,2234,39
2709,2,10,4,2235,40
2710,2,20,4,2235,40
2711,1,15,2,2236,39
2712,1,30,2,2236,39
2713,1,20,2,2237,38
2714,1,50,2,2237,38
2715,2,10,4,2238,40
2716,2,20,4,2238,40
2717,1,30,2,2239,39
2718,1,60,2,2239,39
2719,2,12,4,2240,40
2720,2,24,4,2240,40
2721,1,10,2,2241,38
2722,1,30,2,2241,38
2723,1,20,2,2242,38
2724,1,50,2,2242,38
2725,1,10,2,2243,38
2726,1,30,2,2243,38
2727,1,50,2,2244,39
2728,1,100,2,2244,39
2729,1,30,2,2245,38
2730,1,60,2,2245,38
2731,2,10,4,2246,40
2732,2,20,4,2246,40
2733,1,100,2,2247,41
2734,1,250,2,2247,41
2735,2,10,4,2248,40
2736,2,20,4,2248,40
2737,1,50,2,2249,39
2738,1,100,2,2249,39
2739,1,10,2,2250,38
2740,1,50,2,2250,38
2741,2,6,4,2251,40
2742,2,12,4,2251,40
2743,1,30,2,2252,39
2744,1,60,2,2252,39
2745,1,50,2,2253,39
2746,1,100,2,2253,39
2747,1,30,2,2254,39
2748,1,60,2,2254,39
2749,1,10,2,2255,38
2750,1,30,2,2255,38
2751,1,5,2,2256,39
2752,1,10,2,2256,39
2753,3,1,2,2257,43
2754,3,3,2,2257,43
2755,3,1,2,2258,43
2756,3,3,2,2258,43
2757,1,50,2,2259,39
2758,1,100,2,2259,39
2759,1,30,2,2260,39
2760,1,60,2,2260,39
2761,2,10,4,2261,40
2762,2,20,4,2261,40
2763,1,50,2,2262,39
2764,1,100,2,2262,39
2765,1,10,2,2263,38
2766,1,30,2,2263,38
2767,1,50,2,2264,39
2768,1,100,2,2264,39
2769,2,10,4,2265,40
2770,2,20,4,2265,40
2771,1,100,2,2266,39
2772,1,250,2,2266,39
2773,1,30,2,2267,43
2774,1,50,2,2267,43
2775,1,30,2,2268,38
2776,1,50,2,2268,38
2777,1,30,2,2269,39
2778,1,50,2,2269,39
2779,1,10,2,2270,38
2780,1,30,2,2270,38
2781,1,100,2,2271,39
2782,1,250,2,2271,39
2783,1,50,2,2272,41
2784,1,100,2,2272,41
2785,1,30,2,2273,39
2786,1,50,2,2273,39
2787,1,30,2,2274,39
2788,1,50,2,2274,39
2789,1,30,2,2275,38
2790,1,50,2,2275,38
2791,1,10,2,2276,38
2792,1,30,2,2276,38
2793,2,10,4,2277,40
2794,2,20,4,2277,40
2795,1,10,2,2278,38
2796,1,30,2,2278,38
2797,1,10,2,2279,38
2798,1,30,2,2279,38
2799,1,10,2,2280,38
2800,1,30,2,2280,38
2801,1,30,2,2281,39
2802,1,60,2,2281,39
2803,1,10,2,2282,38
2804,1,30,2,2282,38
2805,1,10,2,2283,38
2806,1,30,2,2283,38
2807,1,10,2,2284,38
2808,1,30,2,2284,38
2809,1,100,2,2285,39
2810,1,250,2,2285,39
2811,1,30,2,2286,39
2812,1,60,2,2286,39
2813,2,10,4,2287,40
2814,2,20,4,2287,40
2815,2,10,4,2288,40
2816,2,20,4,2288,40
2817,1,50,2,2289,39
2818,1,100,2,2289,39
2819,1,30,2,2290,39
2820,1,60,2,2290,39
2821,1,100,2,2291,41
2822,1,250,2,2291,41
2823,1,100,2,2292,41
2824,1,250,2,2292,41
2825,1,10,2,2293,38
2826,1,50,2,2293,38
2827,1,30,2,2294,39
2828,1,100,2,2294,39
2829,2,10,4,2295,40
2830,2,20,4,2295,40
2831,1,15,2,2296,39
2832,1,30,2,2296,39
2833,1,20,2,2297,38
2834,1,50,2,2297,38
2835,2,10,4,2298,40
2836,2,20,4,2298,40
2837,1,30,2,2299,39
2838,1,60,2,2299,39
2839,2,12,4,2300,40
2840,2,24,4,2300,40
2841,1,10,2,2301,38
2842,1,30,2,2301,38
2843,1,20,2,2302,38
2844,1,50,2,2302,38
2845,1,10,2,2303,38
2846,1,30,2,2303,38
2847,1,50,2,2304,39
2848,1,100,2,2304,39
2849,1,30,2,2305,38
2850,1,60,2,2305,38
2851,2,10,4,2306,40
2852,2,20,4,2306,40
2853,1,100,2,2307,41
2854,1,250,2,2307,41
2855,2,10,4,2308,40
2856,2,20,4,2308,40
2857,1,50,2,2309,39
2858,1,100,2,2309,39
2859,1,10,2,2310,38
2860,1,50,2,2310,38
2861,2,6,4,2311,40
2862,2,12,4,2311,40
2863,1,30,2,2312,39
2864,1,60,2,2312,39
2865,1,50,2,2313,39
2866,1,100,2,2313,39
2867,1,30,2,2314,39
2868,1,60,2,2314,39
2869,1,10,2,2315,38
2870,1,30,2,2315,38
2871,1,5,2,2316,39
2872,1,10,2,2316,39
2873,3,1,2,2317,43
2874,3,3,2,2317,43
2875,3,1,2,2318,43
2876,3,3,2,2318,43
2877,1,50,2,2319,39
2878,1,100,2,2319,39
2879,1,30,2,2320,39
2880,1,60,2,2320,39
2881,2,10,4,2321,40
2882,2,20,4,2321,40
2883,1,50,2,2322,39
2884,1,100,2,2322,39
2885,1,10,2,2323,38
2886,1,30,2,2323,38
2887,1,50,2,2324,39
2888,1,100,2,2324,39
2889,2,10,4,2325,40
2890,2,20,4,2325,40
2891,1,100,2,2326,39
2892,1,250,2,2326,39
2893,1,30,2,2327,43
2894,1,50,2,2327,43
2895,1,30,2,2328,38
2896,1,50,2,2328,38
2897,1,30,2,2329,39
2898,1,50,2,2329,39
2899,1,10,2,2330,38
2900,1,30,2,2330,38
2901,1,100,2,2331,39
2902,1,250,2,2331,39
2903,1,50,2,2332,41
2904,1,100,2,2332,41
2905,1,30,2,2333,39
2906,1,50,2,2333,39
2907,1,30,2,2334,39
2908,1,50,2,2334,39
2909,1,30,2,2335,38
2910,1,50,2,2335,38
2911,1,10,2,2336,38
2912,1,30,2,2336,38
2913,2,10,4,2337,40
2914,2,20,4,2337,40
2915,1,10,2,2338,38
2916,1,30,2,2338,38
2917,1,10,2,2339,38
2918,1,30,2,2339,38
2919,1,10,2,2340,38
2920,1,30,2,2340,38
2921,1,30,2,2341,39
2922,1,60,2,2341,39
2923,1,10,2,2342,38
2924,1,30,2,2342,38
2925,1,10,2,2343,38
2926,1,30,2,2343,38
2927,1,10,2,2344,38
2928,1,30,2,2344,38
2929,1,100,2,2345,39
2930,1,250,2,2345,39
2931,1,30,2,2346,39
2932,1,60,2,2346,39
2933,2,10,4,2347,40
2934,2,20,4,2347,40
2935,2,10,4,2348,40
2936,2,20,4,2348,40
2937,1,50,2,2349,39
2938,1,100,2,2349,39
2939,1,30,2,2350,39
2940,1,60,2,2350,39
2941,1,100,2,2351,41
2942,1,250,2,2351,41
2943,1,100,2,2352,41
2944,1,250,2,2352,41
2945,1,10,2,2353,38
2946,1,50,2,2353,38
2947,1,30,2,2354,39
2948,1,100,2,2354,39
2949,2,10,4,2355,40
2950,2,20,4,2355,40
2951,1,15,2,2356,39
2952,1,30,2,2356,39
2953,1,20,2,2357,38
2954,1,50,2,2357,38
2955,2,10,4,2358,40
2956,2,20,4,2358,40
2957,1,30,2,2359,39
2958,1,60,2,2359,39
2959,2,12,4,2360,40
2960,2,24,4,2360,40
2961,1,10,2,2361,38
2962,1,30,2,2361,38
2963,1,20,2,2362,38
2964,1,50,2,2362,38
2965,1,10,2,2363,38
2966,1,30,2,2363,38
2967,1,50,2,2364,39
2968,1,100,2,2364,39
2969,1,30,2,2365,38
2970,1,60,2,2365,38
2971,2,10,4,2366,40
2972,2,20,4,2366,40
2973,1,100,2,2367,41
2974,1,250,2,2367,41
2975,2,10,4,2368,40
2976,2,20,4,2368,40
2977,1,50,2,2369,39
2978,1,100,2,2369,39
2979,1,10,2,2370,38
2980,1,50,2,2370,38
2981,2,6,4,2371,40
2982,2,12,4,2371,40
2983,1,30,2,2372,39
2984,1,60,2,2372,39
2985,1,50,2,2373,39
2986,1,100,2,2373,39
2987,1,30,2,2374,39
2988,1,60,2,2374,39
2989,1,10,2,2375,38
2990,1,30,2,2375,38
2991,1,5,2,2376,39
2992,1,10,2,2376,39
2993,3,1,2,2377,43
2994,3,3,2,2377,43
2995,3,1,2,2378,43
2996,3,3,2,2378,43
2997,1,50,2,2379,39
2998,1,100,2,2379,39
2999,1,30,2,2380,39
3000,1,60,2,2380,39
3001,2,10,4,2381,40
3002,2,20,4,2381,40
3003,1,50,2,2382,39
3004,1,100,2,2382,39
3005,1,10,2,2383,38
3006,1,30,2,2383,38
3007,1,50,2,2384,39
3008,1,100,2,2384,39
3009,2,10,4,2385,40
3010,2,20,4,2385,40
3011,1,100,2,2386,39
3012,1,250,2,2386,39
3013,1,30,2,2387,43
3014,1,50,2,2387,43
3015,1,30,2,2388,38
3016,1,50,2,2388,38
3017,1,30,2,2389,39
3018,1,50,2,2389,39
3019,1,10,2,2390,38
3020,1,30,2,2390,38
3021,1,100,2,2391,39
3022,1,250,2,2391,39
3023,1,50,2,2392,41
3024,1,100,2,2392,41
3025,1,30,2,2393,39
3026,1,50,2,2393,39
3027,1,30,2,2394,39
3028,1,50,2,2394,39
3029,1,30,2,2395,38
3030,1,50,2,2395,38
3031,1,10,2,2396,38
3032,1,30,2,2396,38
3033,2,10,4,2397,40
3034,2,20,4,2397,40
3035,1,10,2,2398,38
3036,1,30,2,2398,38
3037,1,10,2,2399,38
3038,1,30,2,2399,38
3039,1,10,2,2400,38
3040,1,30,2,2400,38
3041,1,30,2,2401,39
3042,1,60,2,2401,39
3043,1,10,2,2402,38
3044,1,30,2,2402,38
3045,1,10,2,2403,38
3046,1,30,2,2403,38
3047,1,10,2,2404,38
3048,1,30,2,2404,38
3049,1,100,2,2405,39
3050,1,250,2,2405,39
3051,1,30,2,2406,39
3052,1,60,2,2406,39
3053,2,10,4,2407,40
3054,2,20,4,2407,40
3055,2,10,4,2408,40
3056,2,20,4,2408,40
3057,1,50,2,2409,39
3058,1,100,2,2409,39
3059,1,30,2,2410,39
3060,1,60,2,2410,39
3061,1,100,2,2411,41
3062,1,250,2,2411,41
3063,1,100,2,2412,41
3064,1,250,2,2412,41
3065,1,10,2,2413,38
3066,1,50,2,2413,38
3067,1,30,2,2414,39
3068,1,100,2,2414,39
3069,2,10,4,2415,40
3070,2,20,4,2415,40
3071,1,15,2,2416,39
3072,1,30,2,2416,39
3073,1,20,2,2417,38
3074,1,50,2,2417,38
3075,2,10,4,2418,40
3076,2,20,4,2418,40
3077,1,30,2,2419,39
3078,1,60,2,2419,39
3079,2,12,4,2420,40
3080,2,24,4,2420,40
3081,1,10,2,2421,38
3082,1,30,2,2421,38
3083,1,20,2,2422,38
3084,1,50,2,2422,38
3085,1,10,2,2423,38
3086,1,30,2,2423,38
3087,1,50,2,2424,39
3088,1,100,2,2424,39
3089,1,30,2,2425,38
3090,1,60,2,2425,38
3091,2,10,4,2426,40
3092,2,20,4,2426,40
3093,1,100,2,2427,41
3094,1,250,2,2427,41
3095,2,10,4,2428,40
3096,2,20,4,2428,40
3097,1,50,2,2429,39
3098,1,100,2,2429,39
3099,1,10,2,2430,38
3100,1,50,2,2430,38
3101,2,6,4,2431,40
3102,2,12,4,2431,40
3103,1,30,2,2432,39
3104,1,60,2,2432,39
3105,1,50,2,2433,39
3106,1,100,2,2433,39
3107,1,30,2,2434,39
3108,1,60,2,2434,39
3109,1,10,2,2435,38
3110,1,30,2,2435,38
3111,1,5,2,2436,39
3112,1,10,2,2436,39
3113,3,1,2,2437,43
3114,3,3,2,2437,43
3115,3,1,2,2438,43
3116,3,3,2,2438,43
3117,1,50,2,2439,39
3118,1,100,2,2439,39
3119,1,30,2,2440,39
3120,1,60,2,2440,39
3121,2,10,4,2441,40
3122,2,20,4,2441,40
3123,1,50,2,2442,39
3124,1,100,2,2442,39
3125,1,10,2,2443,38
3126,1,30,2,2443,38
3127,1,50,2,2444,39
3128,1,100,2,2444,39
3129,2,10,4,2445,40
3130,2,20,4,2445,40
3131,1,100,2,2446,39
3132,1,250,2,2446,39
3133,1,30,2,2447,43
3134,1,50,2,2447,43
3135,1,30,2,2448,38
3136,1,50,2,2448,38
3137,1,30,2,2449,39
3138,1,50,2,2449,39
3139,1,10,2,2450,38
3140,1,30,2,2450,38
3141,1,100,2,2451,39
3142,1,250,2,2451,39
3143,1,50,2,2452,41
3144,1,100,2,2452,41
3145,1,30,2,2453,39
3146,1,50,2,2453,39
3147,1,30,2,2454,39
3148,1,50,2,2454,39
3149,1,30,2,2455,38
3150,1,50,2,2455,38
3151,1,10,2,2456,38
3152,1,30,2,2456,38
3153,2,10,4,2457,40
3154,2,20,4,2457,40
3155,1,10,2,2458,38
3156,1,30,2,2458,38
3157,1,10,2,2459,38
3158,1,30,2,2459,38
3159,1,10,2,2460,38
3160,1,30,2,2460,38
3161,1,30,2,2461,39
3162,1,60,2,2461,39
3163,1,10,2,2462,38
3164,1,30,2,2462,38
3165,1,10,2,2463,38
3166,1,30,2,2463,38
3167,1,10,2,2464,38
3168,1,30,2,2464,38
3169,1,100,2,2465,39
3170,1,250,2,2465,39
3171,1,30,2,2466,39
3172,1,60,2,2466,39
3173,2,10,4,2467,40
3174,2,20,4,2467,40
3175,2,10,4,2468,40
3176,2,20,4,2468,40
3177,1,50,2,2469,39
3178,1,100,2,2469,39
3179,1,30,2,2470,39
3180,1,60,2,2470,39
3181,1,100,2,2471,41
3182,1,250,2,2471,41
3183,1,100,2,2472,41
3184,1,250,2,2472,41
3185,1,10,2,2473,38
3186,1,50,2,2473,38
3187,1,30,2,2474,39
3188,1,100,2,2474,39
3189,2,10,4,2475,40
3190,2,20,4,2475,40
3191,1,15,2,2476,39
3192,1,30,2,2476,39
3193,1,20,2,2477,38
3194,1,50,2,2477,38
3195,2,10,4,2478,40
3196,2,20,4,2478,40
3197,1,30,2,2479,39
3198,1,60,2,2479,39
3199,2,12,4,2480,40
3200,2,24,4,2480,40
3201,1,10,2,2481,38
3202,1,30,2,2481,38
3203,1,20,2,2482,38
3204,1,50,2,2482,38
3205,1,10,2,2483,38
3206,1,30,2,2483,38
3207,1,50,2,2484,39
3208,1,100,2,2484,39
3209,1,30,2,2485,38
3210,1,60,2,2485,38
3211,2,10,4,2486,40
3212,2,20,4,2486,40
3213,1,100,2,2487,41
3214,1,250,2,2487,41
3215,2,10,4,2488,40
3216,2,20,4,2488,40
3217,1,50,2,2489,39
3218,1,100,2,2489,39
3219,1,10,2,2490,38
3220,1,50,2,2490,38
3221,2,6,4,2491,40
3222,2,12,4,2491,40
3223,1,30,2,2492,39
3224,1,60,2,2492,39
3225,1,50,2,2493,39
3226,1,100,2,2493,39
3227,1,30,2,2494,39
3228,1,60,2,2494,39
3229,1,10,2,2495,38
3230,1,30,2,2495,38
3231,1,5,2,2496,39
3232,1,10,2,2496,39
3233,3,1,2,2497,43
3234,3,3,2,2497,43
3235,3,1,2,2498,43
3236,3,3,2,2498,43
3237,1,50,2,2499,39
3238,1,100,2,2499,39
3239,1,30,2,2500,39
3240,1,60,2,2500,39
3241,2,10,4,2501,40
3242,2,20,4,2501,40
3243,1,50,2,2502,39
3244,1,100,2,2502,39
3245,1,10,2,2503,38
3246,1,30,2,2503,38
3247,1,50,2,2504,39
3248,1,100,2,2504,39
3249,2,10,4,2505,40
3250,2,20,4,2505,40
3251,1,100,2,2506,39
3252,1,250,2,2506,39
3253,1,30,2,2507,43
3254,1,50,2,2507,43
3255,1,30,2,2508,38
3256,1,50,2,2508,38
3257,1,30,2,2509,39
3258,1,50,2,2509,39
3259,1,10,2,2510,38
3260,1,30,2,2510,38
3261,1,100,2,2511,39
3262,1,250,2,2511,39
3263,1,50,2,2512,41
3264,1,100,2,2512,41
3265,1,30,2,2513,39
3266,1,50,2,2513,39
3267,1,30,2,2514,39
3268,1,50,2,2514,39
3269,1,30,2,2515,38
3270,1,50,2,2515,38
3271,1,10,2,2516,38
3272,1,30,2,2516,38
3273,2,10,4,2517,40
3274,2,20,4,2517,40
3275,1,10,2,2518,38
3276,1,30,2,2518,38
3277,1,10,2,2519,38
3278,1,30,2,2519,38
3279,1,10,2,2520,38
3280,1,30,2,2520,38
3281,1,30,2,2521,39
3282,1,60,2,2521,39
3283,1,10,2,2522,38
3284,1,30,2,2522,38
3285,1,10,2,2523,38
3286,1,30,2,2523,38
3287,1,10,2,2524,38
3288,1,30,2,2524,38
3289,1,100,2,2525,39
3290,1,250,2,2525,39
3291,1,30,2,2526,39
3292,1,60,2,2526,39
